efficiency,photons,blinks,seed,fit_upto,le_extrapolated,p_fitted,ele_detected,ele_labelled,q6,q8,q10,q12,q15,q20,q25,ele6,ele8,ele10,ele12,ele15,ele20,ele25
0.35,500,1,1,12.0,0.31418222291393144,0.8730311049411714,0.3273435095005954,0.3795805851018938,0.03755364806866953,0.10836909871244635,0.19206008583690987,0.25643776824034337,0.3530042918454936,0.47639484978540775,0.5740343347639485,0.014393207915483586,0.03910014035465153,0.06563886944798267,0.08972881069592915,0.1141697336806865,0.14707403541990238,0.17497208656814944
0.35,500,1,1,15.0,0.2544582581803279,0.6614520629955998,0.3273435095005954,0.3795805851018938,0.03755364806866953,0.10836909871244635,0.19206008583690987,0.25643776824034337,0.3530042918454936,0.47639484978540775,0.5740343347639485,0.014393207915483586,0.03910014035465153,0.06563886944798267,0.08972881069592915,0.1141697336806865,0.14707403541990238,0.17497208656814944
0.35,500,1,1,25.0,0.26411696071042823,0.7030495213017397,0.3273435095005954,0.3795805851018938,0.03755364806866953,0.10836909871244635,0.19206008583690987,0.25643776824034337,0.3530042918454936,0.47639484978540775,0.5740343347639485,0.014393207915483586,0.03910014035465153,0.06563886944798267,0.08972881069592915,0.1141697336806865,0.14707403541990238,0.17497208656814944
0.35,500,1,2,12.0,0.29407185898257027,0.7703979705438152,0.3371276700744695,0.3648647450493978,0.03863987635239567,0.10510046367851623,0.17465224111282843,0.2287480680061824,0.33384853168469864,0.47449768160741884,0.5656877897990726,0.010248122049543703,0.0402336819506559,0.06510376861251693,0.08053688995963636,0.12015272096255081,0.1561065554840869,0.18053614371311405
0.35,500,1,2,15.0,0.3432728124456661,0.9351347344529535,0.3371276700744695,0.3648647450493978,0.03863987635239567,0.10510046367851623,0.17465224111282843,0.2287480680061824,0.33384853168469864,0.47449768160741884,0.5656877897990726,0.010248122049543703,0.0402336819506559,0.06510376861251693,0.08053688995963636,0.12015272096255081,0.1561065554840869,0.18053614371311405
0.35,500,1,2,25.0,0.2784089371045214,0.6995566732875529,0.3371276700744695,0.3648647450493978,0.03863987635239567,0.10510046367851623,0.17465224111282843,0.2287480680061824,0.33384853168469864,0.47449768160741884,0.5656877897990726,0.010248122049543703,0.0402336819506559,0.06510376861251693,0.08053688995963636,0.12015272096255081,0.1561065554840869,0.18053614371311405
0.35,500,1,3,12.0,0.16983807996138206,0.3178165138358057,0.3147899170238018,0.3545410811977679,0.03551912568306011,0.1092896174863388,0.1994535519125683,0.2581967213114754,0.3592896174863388,0.4808743169398907,0.5601092896174863,0.025067986454490564,0.042946200708935026,0.07390360406401246,0.09023740229922084,0.12643223972273576,0.16494096050127457,0.18276939213084967
0.35,500,1,3,15.0,0.2578981205197681,0.6065033291963966,0.3147899170238018,0.3545410811977679,0.03551912568306011,0.1092896174863388,0.1994535519125683,0.2581967213114754,0.3592896174863388,0.4808743169398907,0.5601092896174863,0.025067986454490564,0.042946200708935026,0.07390360406401246,0.09023740229922084,0.12643223972273576,0.16494096050127457,0.18276939213084967
0.35,500,1,3,25.0,0.2858559674894418,0.7066364304529114,0.3147899170238018,0.3545410811977679,0.03551912568306011,0.1092896174863388,0.1994535519125683,0.2581967213114754,0.3592896174863388,0.4808743169398907,0.5601092896174863,0.025067986454490564,0.042946200708935026,0.07390360406401246,0.09023740229922084,0.12643223972273576,0.16494096050127457,0.18276939213084967
0.35,500,3,1,12.0,0.3856595128877988,0.33448347113439075,0.35085929046192404,0.36936745653514735,0.041193181818181816,0.09943181818181818,0.16477272727272727,0.23380681818181817,0.325,0.44829545454545455,0.5480113636363636,0.04408556738182444,0.09313899725601808,0.14658982553680397,0.18254799501678215,0.22748541331355418,0.282542093252745,0.31823970724386963
0.35,500,3,1,15.0,0.38535441778486035,0.3340746937986481,0.35085929046192404,0.36936745653514735,0.041193181818181816,0.09943181818181818,0.16477272727272727,0.23380681818181817,0.325,0.44829545454545455,0.5480113636363636,0.04408556738182444,0.09313899725601808,0.14658982553680397,0.18254799501678215,0.22748541331355418,0.282542093252745,0.31823970724386963
0.35,500,3,1,25.0,0.4152465933590914,0.3808329841763713,0.35085929046192404,0.36936745653514735,0.041193181818181816,0.09943181818181818,0.16477272727272727,0.23380681818181817,0.325,0.44829545454545455,0.5480113636363636,0.04408556738182444,0.09313899725601808,0.14658982553680397,0.18254799501678215,0.22748541331355418,0.282542093252745,0.31823970724386963
0.35,500,3,2,12.0,0.38630452497451384,0.34906740728707275,0.37412899301958646,0.3867035765615513,0.032612104107870805,0.09689557855126998,0.16556914393226718,0.23142050799623706,0.32518030730636566,0.447162119786767,0.5465663217309501,0.03247932767351096,0.09397158966198903,0.1367748586588481,0.180124605539939,0.23422501397174064,0.28258591918534487,0.32080670941211026
0.35,500,3,2,15.0,0.43156819725759304,0.412550258159277,0.37412899301958646,0.3867035765615513,0.032612104107870805,0.09689557855126998,0.16556914393226718,0.23142050799623706,0.32518030730636566,0.447162119786767,0.5465663217309501,0.03247932767351096,0.09397158966198903,0.1367748586588481,0.180124605539939,0.23422501397174064,0.28258591918534487,0.32080670941211026
0.35,500,3,2,25.0,0.4278017507917762,0.4073955430428052,0.37412899301958646,0.3867035765615513,0.032612104107870805,0.09689557855126998,0.16556914393226718,0.23142050799623706,0.32518030730636566,0.447162119786767,0.5465663217309501,0.03247932767351096,0.09397158966198903,0.1367748586588481,0.180124605539939,0.23422501397174064,0.28258591918534487,0.32080670941211026
0.35,500,3,3,12.0,0.41004296764646153,0.3560724883031842,0.35316446817638436,0.3654241183652754,0.0346749226006192,0.09195046439628483,0.16377708978328173,0.23157894736842105,0.3238390092879257,0.4486068111455108,0.5430340557275541,0.044016106731467046,0.08617960326754061,0.14619820508346507,0.18836592173806943,0.2326437451269165,0.2811238705795108,0.3084620019792885
0.35,500,3,3,15.0,0.39992637327474434,0.34269270550038283,0.35316446817638436,0.3654241183652754,0.0346749226006192,0.09195046439628483,0.16377708978328173,0.23157894736842105,0.3238390092879257,0.4486068111455108,0.5430340557275541,0.044016106731467046,0.08617960326754061,0.14619820508346507,0.18836592173806943,0.2326437451269165,0.2811238705795108,0.3084620019792885
0.35,500,3,3,25.0,0.39709497029218455,0.33818507036123885,0.35316446817638436,0.3654241183652754,0.0346749226006192,0.09195046439628483,0.16377708978328173,0.23157894736842105,0.3238390092879257,0.4486068111455108,0.5430340557275541,0.044016106731467046,0.08617960326754061,0.14619820508346507,0.18836592173806943,0.2326437451269165,0.2811238705795108,0.3084620019792885
0.35,500,10,1,12.0,0.46378791011578246,0.12582671292600997,0.36785156656110785,0.37109741522346046,0.03750576758288841,0.09656581636016083,0.16709511568123395,0.23630611034210006,0.3293784193527124,0.44380726385867775,0.5415595544130248,0.11648373254125272,0.20734985817949617,0.2831772565143345,0.332704003774965,0.3917752384287271,0.4314011974063702,0.4740704494259709
0.35,500,10,1,15.0,0.4990648833291017,0.14667170207146069,0.36785156656110785,0.37109741522346046,0.03750576758288841,0.09656581636016083,0.16709511568123395,0.23630611034210006,0.3293784193527124,0.44380726385867775,0.5415595544130248,0.11648373254125272,0.20734985817949617,0.2831772565143345,0.332704003774965,0.3917752384287271,0.4314011974063702,0.4740704494259709
0.35,500,10,1,25.0,0.5283263290594558,0.16808455722668839,0.36785156656110785,0.37109741522346046,0.03750576758288841,0.09656581636016083,0.16709511568123395,0.23630611034210006,0.3293784193527124,0.44380726385867775,0.5415595544130248,0.11648373254125272,0.20734985817949617,0.2831772565143345,0.332704003774965,0.3917752384287271,0.4314011974063702,0.4740704494259709
0.35,500,10,2,12.0,0.43884074809338136,0.12974753394415436,0.353105805045658,0.361518300886418,0.03946032206586392,0.09379080226316552,0.15892934861453648,0.22762222544610475,0.31176555926302046,0.439793993906862,0.5369940519367474,0.10561540547884728,0.1939925478570195,0.26139587338986336,0.3041027899348254,0.3503717893507118,0.4148268599812488,0.45458086260888225
0.35,500,10,2,15.0,0.45336401127729675,0.13858602311239282,0.353105805045658,0.361518300886418,0.03946032206586392,0.09379080226316552,0.15892934861453648,0.22762222544610475,0.31176555926302046,0.439793993906862,0.5369940519367474,0.10561540547884728,0.1939925478570195,0.26139587338986336,0.3041027899348254,0.3503717893507118,0.4148268599812488,0.45458086260888225
0.35,500,10,2,25.0,0.5109984693365469,0.18219138786672437,0.353105805045658,0.361518300886418,0.03946032206586392,0.09379080226316552,0.15892934861453648,0.22762222544610475,0.31176555926302046,0.439793993906862,0.5369940519367474,0.10561540547884728,0.1939925478570195,0.26139587338986336,0.3041027899348254,0.3503717893507118,0.4148268599812488,0.45458086260888225
0.35,500,10,3,12.0,0.4615328879653106,0.13770313042413224,0.3603683056105253,0.36433101136192547,0.039135959339263025,0.10038119440914867,0.16958915713680645,0.23490046590427785,0.32121982210927574,0.4433714527742482,0.5413807708598052,0.10948655842692484,0.20412477540742716,0.2726257757940173,0.3214789152968873,0.39135921597387907,0.45696787575783454,0.49730447662584876
0.35,500,10,3,15.0,0.5226569553502558,0.17659791144704975,0.3603683056105253,0.36433101136192547,0.039135959339263025,0.10038119440914867,0.16958915713680645,0.23490046590427785,0.32121982210927574,0.4433714527742482,0.5413807708598052,0.10948655842692484,0.20412477540742716,0.2726257757940173,0.3214789152968873,0.39135921597387907,0.45696787575783454,0.49730447662584876
0.35,500,10,3,25.0,0.581659608668851,0.22252800074980372,0.3603683056105253,0.36433101136192547,0.039135959339263025,0.10038119440914867,0.16958915713680645,0.23490046590427785,0.32121982210927574,0.4433714527742482,0.5413807708598052,0.10948655842692484,0.20412477540742716,0.2726257757940173,0.3214789152968873,0.39135921597387907,0.45696787575783454,0.49730447662584876
0.35,5000,1,1,12.0,0.35870259000187416,0.9999999999999999,0.3457811659169206,0.3545280470788801,0.731859410430839,0.8038548752834467,0.8486394557823129,0.8684807256235828,0.891156462585034,0.9143990929705216,0.9280045351473923,0.25998655224212547,0.29010365572650026,0.30494066875343484,0.3115137758778599,0.31828042255307865,0.3252545305483451,0.3278449872824319
0.35,5000,1,1,15.0,0.3583461871724842,0.9999990808732591,0.3457811659169206,0.3545280470788801,0.731859410430839,0.8038548752834467,0.8486394557823129,0.8684807256235828,0.891156462585034,0.9143990929705216,0.9280045351473923,0.25998655224212547,0.29010365572650026,0.30494066875343484,0.3115137758778599,0.31828042255307865,0.3252545305483451,0.3278449872824319
0.35,5000,1,1,25.0,0.35484281017746805,0.9541077084578444,0.3457811659169206,0.3545280470788801,0.731859410430839,0.8038548752834467,0.8486394557823129,0.8684807256235828,0.891156462585034,0.9143990929705216,0.9280045351473923,0.25998655224212547,0.29010365572650026,0.30494066875343484,0.3115137758778599,0.31828042255307865,0.3252545305483451,0.3278449872824319
0.35,5000,1,2,12.0,0.3503955627462713,0.9026516189943246,0.34189542056482114,0.3524367867264786,0.7209439528023599,0.8023598820058997,0.8412979351032448,0.8707964601769912,0.8967551622418879,0.9179941002949853,0.9345132743362832,0.2595823885174045,0.28710072163768324,0.29881446556650093,0.3092528504726999,0.3169158957179707,0.32150772465468463,0.32350448517059527
0.35,5000,1,2,15.0,0.3498979316385017,0.8963534629652111,0.34189542056482114,0.3524367867264786,0.7209439528023599,0.8023598820058997,0.8412979351032448,0.8707964601769912,0.8967551622418879,0.9179941002949853,0.9345132743362832,0.2595823885174045,0.28710072163768324,0.29881446556650093,0.3092528504726999,0.3169158957179707,0.32150772465468463,0.32350448517059527
0.35,5000,1,2,25.0,0.34553956702968636,0.8356763222073765,0.34189542056482114,0.3524367867264786,0.7209439528023599,0.8023598820058997,0.8412979351032448,0.8707964601769912,0.8967551622418879,0.9179941002949853,0.9345132743362832,0.2595823885174045,0.28710072163768324,0.29881446556650093,0.3092528504726999,0.3169158957179707,0.32150772465468463,0.32350448517059527
0.35,5000,1,3,12.0,0.33821779728904156,0.9630725207468618,0.3387081283733327,0.3468540561371285,0.715112540192926,0.7942122186495176,0.8360128617363344,0.8643086816720257,0.8913183279742766,0.9112540192926045,0.9279742765273312,0.24501563195362822,0.26895271157051387,0.2858899956923647,0.2935312741266946,0.30412076431927004,0.3082191083161053,0.3137992932772301
0.35,5000,1,3,15.0,0.33977430093264854,0.983285501066166,0.3387081283733327,0.3468540561371285,0.715112540192926,0.7942122186495176,0.8360128617363344,0.8643086816720257,0.8913183279742766,0.9112540192926045,0.9279742765273312,0.24501563195362822,0.26895271157051387,0.2858899956923647,0.2935312741266946,0.30412076431927004,0.3082191083161053,0.3137992932772301
0.35,5000,1,3,25.0,0.3377120855725381,0.9543578028939416,0.3387081283733327,0.3468540561371285,0.715112540192926,0.7942122186495176,0.8360128617363344,0.8643086816720257,0.8913183279742766,0.9112540192926045,0.9279742765273312,0.24501563195362822,0.26895271157051387,0.2858899956923647,0.2935312741266946,0.30412076431927004,0.3082191083161053,0.3137992932772301
0.35,5000,3,1,12.0,0.3492274326692338,0.2250829166084881,0.3500039911761955,0.3543609504513173,0.7098197866862818,0.7887090842221405,0.8332107392423685,0.8598749540272159,0.8865391688120633,0.9161456417800662,0.933247517469658,0.31979955335302973,0.3299555498795594,0.3325680386248397,0.3378869578433961,0.3440280594781634,0.35249428117260456,0.3568549536110377
0.35,5000,3,1,15.0,0.35286360185106763,0.26011074767032594,0.3500039911761955,0.3543609504513173,0.7098197866862818,0.7887090842221405,0.8332107392423685,0.8598749540272159,0.8865391688120633,0.9161456417800662,0.933247517469658,0.31979955335302973,0.3299555498795594,0.3325680386248397,0.3378869578433961,0.3440280594781634,0.35249428117260456,0.3568549536110377
0.35,5000,3,1,25.0,0.3611091167466648,0.34854308017329433,0.3500039911761955,0.3543609504513173,0.7098197866862818,0.7887090842221405,0.8332107392423685,0.8598749540272159,0.8865391688120633,0.9161456417800662,0.933247517469658,0.31979955335302973,0.3299555498795594,0.3325680386248397,0.3378869578433961,0.3440280594781634,0.35249428117260456,0.3568549536110377
0.35,5000,3,2,12.0,0.3653960512462675,0.40624449142282776,0.34629136064069876,0.3515323372218589,0.7323272438443209,0.7984511517077045,0.8395552025416998,0.8687450357426529,0.8917791898332009,0.9187847498014297,0.9366560762509929,0.31786863794645964,0.3318050357829832,0.3394671351449013,0.34376137930421546,0.3503651961721239,0.3541227510009886,0.3571767081419483
0.35,5000,3,2,15.0,0.36731510406775186,0.4267318125263535,0.34629136064069876,0.3515323372218589,0.7323272438443209,0.7984511517077045,0.8395552025416998,0.8687450357426529,0.8917791898332009,0.9187847498014297,0.9366560762509929,0.31786863794645964,0.3318050357829832,0.3394671351449013,0.34376137930421546,0.3503651961721239,0.3541227510009886,0.3571767081419483
0.35,5000,3,2,25.0,0.367470001811323,0.42854233226879157,0.34629136064069876,0.3515323372218589,0.7323272438443209,0.7984511517077045,0.8395552025416998,0.8687450357426529,0.8917791898332009,0.9187847498014297,0.9366560762509929,0.31786863794645964,0.3318050357829832,0.3394671351449013,0.34376137930421546,0.3503651961721239,0.3541227510009886,0.3571767081419483
0.35,5000,3,3,12.0,0.3479167745422529,0.356055981740124,0.3423218183703028,0.3463336703686259,0.7283149470041099,0.8053212199870214,0.8472853125675968,0.8760545100584036,0.9015790612156608,0.9203980099502488,0.9359723123512871,0.3072073029008004,0.3196222830916602,0.32829208274221516,0.3305127999174642,0.3388503641288838,0.34432482448156576,0.3523915239334391
0.35,5000,3,3,15.0,0.3510966622299268,0.39132909674212024,0.3423218183703028,0.3463336703686259,0.7283149470041099,0.8053212199870214,0.8472853125675968,0.8760545100584036,0.9015790612156608,0.9203980099502488,0.9359723123512871,0.3072073029008004,0.3196222830916602,0.32829208274221516,0.3305127999174642,0.3388503641288838,0.34432482448156576,0.3523915239334391
0.35,5000,3,3,25.0,0.3580241723400345,0.47616066225566445,0.3423218183703028,0.3463336703686259,0.7283149470041099,0.8053212199870214,0.8472853125675968,0.8760545100584036,0.9015790612156608,0.9203980099502488,0.9359723123512871,0.3072073029008004,0.3196222830916602,0.32829208274221516,0.3305127999174642,0.3388503641288838,0.34432482448156576,0.3523915239334391
0.35,5000,10,1,12.0,0.360462280515004,0.17087857841223716,0.3510249313464238,0.3517440865165557,0.7284288024987451,0.8033353784371688,0.8437726588209047,0.8717719895141949,0.8982096045512856,0.9210218082436277,0.9378102515477718,0.3406120001650711,0.3426399626040054,0.34814158160625813,0.3545021313722814,0.3610564122311527,0.37012189473361456,0.3804060147086092
0.35,5000,10,1,15.0,0.3662798967740472,0.22928090178415922,0.3510249313464238,0.3517440865165557,0.7284288024987451,0.8033353784371688,0.8437726588209047,0.8717719895141949,0.8982096045512856,0.9210218082436277,0.9378102515477718,0.3406120001650711,0.3426399626040054,0.34814158160625813,0.3545021313722814,0.3610564122311527,0.37012189473361456,0.3804060147086092
0.35,5000,10,1,25.0,0.38003837397199514,0.38308701272893947,0.3510249313464238,0.3517440865165557,0.7284288024987451,0.8033353784371688,0.8437726588209047,0.8717719895141949,0.8982096045512856,0.9210218082436277,0.9378102515477718,0.3406120001650711,0.3426399626040054,0.34814158160625813,0.3545021313722814,0.3610564122311527,0.37012189473361456,0.3804060147086092
0.35,5000,10,2,12.0,0.3684548961753382,0.19374877424670423,0.35002279816266424,0.3515323372218589,0.7315754298560059,0.8074609636065374,0.8472568199769124,0.8750835409198615,0.8987787836442068,0.9224740263685521,0.938027826720943,0.34448533585343083,0.35186038424389715,0.3541227510010724,0.3602748120230228,0.3642118466908854,0.37817601098667947,0.38685058708779624
0.35,5000,10,2,15.0,0.37122407428307447,0.2214268233261323,0.35002279816266424,0.3515323372218589,0.7315754298560059,0.8074609636065374,0.8472568199769124,0.8750835409198615,0.8987787836442068,0.9224740263685521,0.938027826720943,0.34448533585343083,0.35186038424389715,0.3541227510010724,0.3602748120230228,0.3642118466908854,0.37817601098667947,0.38685058708779624
0.35,5000,10,2,25.0,0.38666906831210285,0.39358384780697003,0.35002279816266424,0.3515323372218589,0.7315754298560059,0.8074609636065374,0.8472568199769124,0.8750835409198615,0.8987787836442068,0.9224740263685521,0.938027826720943,0.34448533585343083,0.35186038424389715,0.3541227510010724,0.3602748120230228,0.3642118466908854,0.37817601098667947,0.38685058708779624
0.35,5000,10,3,12.0,0.3805771792934488,0.3724267083033803,0.34391838657609025,0.3463336703686259,0.7288711680501994,0.7998561997516177,0.8414275442839402,0.8682266814824499,0.894176089940519,0.9197333159030002,0.9348977057324008,0.33502167995627224,0.34751567448651877,0.35321495495883387,0.3624874544871546,0.36596183017769734,0.3776669553741268,0.3861745137456258
0.35,5000,10,3,15.0,0.38183694625261344,0.3851484200262929,0.34391838657609025,0.3463336703686259,0.7288711680501994,0.7998561997516177,0.8414275442839402,0.8682266814824499,0.894176089940519,0.9197333159030002,0.9348977057324008,0.33502167995627224,0.34751567448651877,0.35321495495883387,0.3624874544871546,0.36596183017769734,0.3776669553741268,0.3861745137456258
0.35,5000,10,3,25.0,0.392739000083586,0.5071726831557266,0.34391838657609025,0.3463336703686259,0.7288711680501994,0.7998561997516177,0.8414275442839402,0.8682266814824499,0.894176089940519,0.9197333159030002,0.9348977057324008,0.33502167995627224,0.34751567448651877,0.35321495495883387,0.3624874544871546,0.36596183017769734,0.3776669553741268,0.3861745137456258
0.5,500,1,1,12.0,0.5206019338554211,0.9999999999999999,0.4508860813286015,0.5083208939306225,0.04256908140403286,0.0970873786407767,0.1672890216579537,0.2270351008215086,0.32113517550410753,0.45332337565347275,0.5347274085138163,0.022755533454062175,0.049354014034889516,0.0863188747035858,0.11916128864710986,0.15755705856054839,0.211439086577082,0.24321517953748603
0.5,500,1,1,15.0,0.40945478923345296,0.74549156160372,0.4508860813286015,0.5083208939306225,0.04256908140403286,0.0970873786407767,0.1672890216579537,0.2270351008215086,0.32113517550410753,0.45332337565347275,0.5347274085138163,0.022755533454062175,0.049354014034889516,0.0863188747035858,0.11916128864710986,0.15755705856054839,0.211439086577082,0.24321517953748603
0.5,500,1,1,25.0,0.39102356432945923,0.6992114924723013,0.4508860813286015,0.5083208939306225,0.04256908140403286,0.0970873786407767,0.1672890216579537,0.2270351008215086,0.32113517550410753,0.45332337565347275,0.5347274085138163,0.022755533454062175,0.049354014034889516,0.0863188747035858,0.11916128864710986,0.15755705856054839,0.211439086577082,0.24321517953748603
0.5,500,1,2,12.0,0.4425537578792478,0.8002958154093465,0.43984839582035756,0.5031529077950102,0.04956896551724138,0.10416666666666667,0.1817528735632184,0.24568965517241378,0.33620689655172414,0.45977011494252873,0.5589080459770115,0.024718744782262325,0.0597869267704614,0.09345097927612644,0.12894007796309656,0.16164259151402424,0.21246079532990533,0.24765148007557122
0.5,500,1,2,15.0,0.3585642811390091,0.6070343062476252,0.43984839582035756,0.5031529077950102,0.04956896551724138,0.10416666666666667,0.1817528735632184,0.24568965517241378,0.33620689655172414,0.45977011494252873,0.5589080459770115,0.024718744782262325,0.0597869267704614,0.09345097927612644,0.12894007796309656,0.16164259151402424,0.21246079532990533,0.24765148007557122
0.5,500,1,2,25.0,0.3730763825037209,0.6442461266881964,0.43984839582035756,0.5031529077950102,0.04956896551724138,0.10416666666666667,0.1817528735632184,0.24568965517241378,0.33620689655172414,0.45977011494252873,0.5589080459770115,0.024718744782262325,0.0597869267704614,0.09345097927612644,0.12894007796309656,0.16164259151402424,0.21246079532990533,0.24765148007557122
0.5,500,1,3,12.0,0.4802806903343563,0.9999999999996421,0.4392186802420398,0.48741947448278167,0.040412725709372314,0.0997420464316423,0.16680997420464316,0.235597592433362,0.33190025795356837,0.46775580395528804,0.5477214101461737,0.017556870032351877,0.04452779001221152,0.08342693183663806,0.11255569920553252,0.16067911517417752,0.21057067091082343,0.2408175016790396
0.5,500,1,3,15.0,0.48234229472475937,0.9999998422909201,0.4392186802420398,0.48741947448278167,0.040412725709372314,0.0997420464316423,0.16680997420464316,0.235597592433362,0.33190025795356837,0.46775580395528804,0.5477214101461737,0.017556870032351877,0.04452779001221152,0.08342693183663806,0.11255569920553252,0.16067911517417752,0.21057067091082343,0.2408175016790396
0.5,500,1,3,25.0,0.39450814504017656,0.7625258092285562,0.4392186802420398,0.48741947448278167,0.040412725709372314,0.0997420464316423,0.16680997420464316,0.235597592433362,0.33190025795356837,0.46775580395528804,0.5477214101461737,0.017556870032351877,0.04452779001221152,0.08342693183663806,0.11255569920553252,0.16067911517417752,0.21057067091082343,0.2408175016790396
0.5,500,3,1,12.0,0.44895233532786794,0.25409403902239935,0.48072983153827864,0.4900911527963762,0.0335608646188851,0.09215017064846416,0.15244596131968147,0.2186196435343193,0.31532043989381875,0.4309821767159651,0.5312855517633674,0.05114890041845277,0.12978309704887736,0.1866591472209833,0.23458137130021395,0.30021567868038795,0.359432619670137,0.4115590086845568
0.5,500,3,1,15.0,0.48352196497805655,0.2865129563124299,0.48072983153827864,0.4900911527963762,0.0335608646188851,0.09215017064846416,0.15244596131968147,0.2186196435343193,0.31532043989381875,0.4309821767159651,0.5312855517633674,0.05114890041845277,0.12978309704887736,0.1866591472209833,0.23458137130021395,0.30021567868038795,0.359432619670137,0.4115590086845568
0.5,500,3,1,25.0,0.523772228376302,0.3322220740579139,0.48072983153827864,0.4900911527963762,0.0335608646188851,0.09215017064846416,0.15244596131968147,0.2186196435343193,0.31532043989381875,0.4309821767159651,0.5312855517633674,0.05114890041845277,0.12978309704887736,0.1866591472209833,0.23458137130021395,0.30021567868038795,0.359432619670137,0.4115590086845568
0.5,500,3,2,12.0,0.45573672501778284,0.2829578439926383,0.49999792915712704,0.5160627369633181,0.033941534235824994,0.0924072984108299,0.16715715126545028,0.23366686286050617,0.33039042574063177,0.45575828918971945,0.5518932705513047,0.048409462240675306,0.12172546715214039,0.18936900998357295,0.23601127569999192,0.3011483179072589,0.374515535002997,0.41954507164970517
0.5,500,3,2,15.0,0.4938817790705734,0.3220543546669756,0.49999792915712704,0.5160627369633181,0.033941534235824994,0.0924072984108299,0.16715715126545028,0.23366686286050617,0.33039042574063177,0.45575828918971945,0.5518932705513047,0.048409462240675306,0.12172546715214039,0.18936900998357295,0.23601127569999192,0.3011483179072589,0.374515535002997,0.41954507164970517
0.5,500,3,2,25.0,0.5462977322449787,0.38536368781212416,0.49999792915712704,0.5160627369633181,0.033941534235824994,0.0924072984108299,0.16715715126545028,0.23366686286050617,0.33039042574063177,0.45575828918971945,0.5518932705513047,0.048409462240675306,0.12172546715214039,0.18936900998357295,0.23601127569999192,0.3011483179072589,0.374515535002997,0.41954507164970517
0.5,500,3,3,12.0,0.5208585528262232,0.3034358203549611,0.4900062737821942,0.5137946576843139,0.03531763660595291,0.08796090626388271,0.1641492669924478,0.2312305641936917,0.3282985339848956,0.4533540648600622,0.5504220346512662,0.05898323188211148,0.12664670575808215,0.20015186045987315,0.2617113271461216,0.31696938186187973,0.3746382120304887,0.4418399525993095
0.5,500,3,3,15.0,0.5065642028392887,0.29017071505414455,0.4900062737821942,0.5137946576843139,0.03531763660595291,0.08796090626388271,0.1641492669924478,0.2312305641936917,0.3282985339848956,0.4533540648600622,0.5504220346512662,0.05898323188211148,0.12664670575808215,0.20015186045987315,0.2617113271461216,0.31696938186187973,0.3746382120304887,0.4418399525993095
0.5,500,3,3,25.0,0.5465377966889355,0.3372501608318471,0.4900062737821942,0.5137946576843139,0.03531763660595291,0.08796090626388271,0.1641492669924478,0.2312305641936917,0.3282985339848956,0.4533540648600622,0.5504220346512662,0.05898323188211148,0.12664670575808215,0.20015186045987315,0.2617113271461216,0.31696938186187973,0.3746382120304887,0.4418399525993095
0.5,500,10,1,12.0,0.5787854611957145,0.11078584840719707,0.5038895760215745,0.5140409113464731,0.03603682595352915,0.09210872424375274,0.1601052170100833,0.22801402893467776,0.31714160455940377,0.444585708022797,0.5438842612889083,0.14655362844828718,0.27709683527403695,0.36415072089823003,0.422095367740909,0.501934263398528,0.6023645475956202,0.6656298499499195
0.5,500,10,1,15.0,0.6292690592506773,0.1323004891987149,0.5038895760215745,0.5140409113464731,0.03603682595352915,0.09210872424375274,0.1601052170100833,0.22801402893467776,0.31714160455940377,0.444585708022797,0.5438842612889083,0.14655362844828718,0.27709683527403695,0.36415072089823003,0.422095367740909,0.501934263398528,0.6023645475956202,0.6656298499499195
0.5,500,10,1,25.0,0.748978685774105,0.1979152579708647,0.5038895760215745,0.5140409113464731,0.03603682595352915,0.09210872424375274,0.1601052170100833,0.22801402893467776,0.31714160455940377,0.444585708022797,0.5438842612889083,0.14655362844828718,0.27709683527403695,0.36415072089823003,0.422095367740909,0.501934263398528,0.6023645475956202,0.6656298499499195
0.5,500,10,2,12.0,0.5863937145651084,0.1233287890745934,0.4906471774417342,0.4968228859785698,0.038074021568528175,0.09483064148650701,0.16171333097058377,0.22793782593286416,0.31897119133208446,0.44453445395169866,0.5404789630904764,0.14591170627893943,0.2657621779677423,0.358006408390261,0.414496852056902,0.4827509268534934,0.5634331426397031,0.6084504248204496
0.5,500,10,2,15.0,0.614948665757177,0.13614825129686367,0.4906471774417342,0.4968228859785698,0.038074021568528175,0.09483064148650701,0.16171333097058377,0.22793782593286416,0.31897119133208446,0.44453445395169866,0.5404789630904764,0.14591170627893943,0.2657621779677423,0.358006408390261,0.414496852056902,0.4827509268534934,0.5634331426397031,0.6084504248204496
0.5,500,10,2,25.0,0.6817674170294841,0.1730223365232319,0.4906471774417342,0.4968228859785698,0.038074021568528175,0.09483064148650701,0.16171333097058377,0.22793782593286416,0.31897119133208446,0.44453445395169866,0.5404789630904764,0.14591170627893943,0.2657621779677423,0.358006408390261,0.414496852056902,0.4827509268534934,0.5634331426397031,0.6084504248204496
0.5,500,10,3,12.0,0.5690334939927759,0.11009356358661775,0.49566812964825385,0.5044431543443588,0.039460285132382894,0.0945010183299389,0.1615580448065173,0.22729124236252546,0.3186354378818737,0.4412932790224033,0.539969450101833,0.1549320074423269,0.2771303469017864,0.3610564122309989,0.4147421336454642,0.46809755668111686,0.5573929810452558,0.6200821667448717
0.5,500,10,3,15.0,0.579154392557196,0.11438330496028028,0.49566812964825385,0.5044431543443588,0.039460285132382894,0.0945010183299389,0.1615580448065173,0.22729124236252546,0.3186354378818737,0.4412932790224033,0.539969450101833,0.1549320074423269,0.2771303469017864,0.3610564122309989,0.4147421336454642,0.46809755668111686,0.5573929810452558,0.6200821667448717
0.5,500,10,3,25.0,0.6763593051566076,0.1667235734706311,0.49566812964825385,0.5044431543443588,0.039460285132382894,0.0945010183299389,0.1615580448065173,0.22729124236252546,0.3186354378818737,0.4412932790224033,0.539969450101833,0.1549320074423269,0.2771303469017864,0.3610564122309989,0.4147421336454642,0.46809755668111686,0.5573929810452558,0.6200821667448717
0.5,5000,1,1,12.0,0.48461823404407417,0.9999995076569256,0.48081527268565244,0.5031529077950122,0.71513470681458,0.7912044374009509,0.8351822503961965,0.8637083993660856,0.8922345483359746,0.9175911251980983,0.9318541996830428,0.34541642337525325,0.3825868495934602,0.40726315795293505,0.4178607783662585,0.43118150531510346,0.4432326294058385,0.4501503431583164
0.5,5000,1,1,15.0,0.48429800914003174,0.9999982855090663,0.48081527268565244,0.5031529077950122,0.71513470681458,0.7912044374009509,0.8351822503961965,0.8637083993660856,0.8922345483359746,0.9175911251980983,0.9318541996830428,0.34541642337525325,0.3825868495934602,0.40726315795293505,0.4178607783662585,0.43118150531510346,0.4432326294058385,0.4501503431583164
0.5,5000,1,1,25.0,0.48328489440051475,0.9911560124076959,0.48081527268565244,0.5031529077950122,0.71513470681458,0.7912044374009509,0.8351822503961965,0.8637083993660856,0.8922345483359746,0.9175911251980983,0.9318541996830428,0.34541642337525325,0.3825868495934602,0.40726315795293505,0.4178607783662585,0.43118150531510346,0.4432326294058385,0.4501503431583164
0.5,5000,1,2,12.0,0.47050037394327227,0.7740957633482026,0.4653604862175605,0.4975645553492649,0.7180124223602484,0.7995859213250518,0.8438923395445135,0.8645962732919255,0.8881987577639752,0.9159420289855073,0.9316770186335404,0.3602748120231118,0.3959099303020215,0.4093215303649684,0.4205387051159267,0.43469588537593995,0.4392736290137612,0.44278199920494815
0.5,5000,1,2,15.0,0.47631012615002066,0.8257615941827514,0.4653604862175605,0.4975645553492649,0.7180124223602484,0.7995859213250518,0.8438923395445135,0.8645962732919255,0.8881987577639752,0.9159420289855073,0.9316770186335404,0.3602748120231118,0.3959099303020215,0.4093215303649684,0.4205387051159267,0.43469588537593995,0.4392736290137612,0.44278199920494815
0.5,5000,1,2,25.0,0.47101503103395026,0.7732764364821983,0.4653604862175605,0.4975645553492649,0.7180124223602484,0.7995859213250518,0.8438923395445135,0.8645962732919255,0.8881987577639752,0.9159420289855073,0.9316770186335404,0.3602748120231118,0.3959099303020215,0.4093215303649684,0.4205387051159267,0.43469588537593995,0.4392736290137612,0.44278199920494815
0.5,5000,1,3,12.0,0.49993434055100067,0.9999619930310475,0.47982106932516755,0.49999792915718805,0.7289677125966348,0.8071850841291496,0.849931787175989,0.8813096862210096,0.9099590723055935,0.937244201909959,0.9486130059117781,0.3624874544869585,0.40539638722803356,0.42787515040124846,0.4376586815169405,0.4440427114551811,0.45473920057934963,0.45751415615094776
0.5,5000,1,3,15.0,0.489771532386082,0.9050106098016822,0.47982106932516755,0.49999792915718805,0.7289677125966348,0.8071850841291496,0.849931787175989,0.8813096862210096,0.9099590723055935,0.937244201909959,0.9486130059117781,0.3624874544869585,0.40539638722803356,0.42787515040124846,0.4376586815169405,0.4440427114551811,0.45473920057934963,0.45751415615094776
0.5,5000,1,3,25.0,0.4820101212932154,0.8249990543178519,0.47982106932516755,0.49999792915718805,0.7289677125966348,0.8071850841291496,0.849931787175989,0.8813096862210096,0.9099590723055935,0.937244201909959,0.9486130059117781,0.3624874544869585,0.40539638722803356,0.42787515040124846,0.4376586815169405,0.4440427114551811,0.45473920057934963,0.45751415615094776
0.5,5000,3,1,12.0,0.5050724862954328,0.3642259396670452,0.49393564974725657,0.49846168124318113,0.7288602941176471,0.8051470588235294,0.8441439075630253,0.8715861344537815,0.8946953781512605,0.9195115546218487,0.9380252100840336,0.4460906511528964,0.4614756381053634,0.4729537474998853,0.4810438117587871,0.48953096439906224,0.4939382799147132,0.49999999155144353
0.5,5000,3,1,15.0,0.5094356824451044,0.3974448502097051,0.49393564974725657,0.49846168124318113,0.7288602941176471,0.8051470588235294,0.8441439075630253,0.8715861344537815,0.8946953781512605,0.9195115546218487,0.9380252100840336,0.4460906511528964,0.4614756381053634,0.4729537474998853,0.4810438117587871,0.48953096439906224,0.4939382799147132,0.49999999155144353
0.5,5000,3,1,25.0,0.511915714890621,0.4185203852814986,0.49393564974725657,0.49846168124318113,0.7288602941176471,0.8051470588235294,0.8441439075630253,0.8715861344537815,0.8946953781512605,0.9195115546218487,0.9380252100840336,0.4460906511528964,0.4614756381053634,0.4729537474998853,0.4810438117587871,0.48953096439906224,0.4939382799147132,0.49999999155144353
0.5,5000,3,2,12.0,0.5125890741123299,0.3647254230034213,0.48969854961289366,0.4975645553492649,0.7257996926945104,0.8030451180332449,0.8452297806956279,0.8721888531917865,0.9006844531359128,0.9217767844671043,0.9353261628719095,0.4512363008597562,0.46942405172703,0.47926681585266123,0.48817151502485057,0.4912456970806519,0.4959641524900244,0.5008189949577787
0.5,5000,3,2,15.0,0.5113435402845429,0.35541623729081157,0.48969854961289366,0.4975645553492649,0.7257996926945104,0.8030451180332449,0.8452297806956279,0.8721888531917865,0.9006844531359128,0.9217767844671043,0.9353261628719095,0.4512363008597562,0.46942405172703,0.47926681585266123,0.48817151502485057,0.4912456970806519,0.4959641524900244,0.5008189949577787
0.5,5000,3,2,25.0,0.5119800998105816,0.3607986518007935,0.48969854961289366,0.4975645553492649,0.7257996926945104,0.8030451180332449,0.8452297806956279,0.8721888531917865,0.9006844531359128,0.9217767844671043,0.9353261628719095,0.4512363008597562,0.46942405172703,0.47926681585266123,0.48817151502485057,0.4912456970806519,0.4959641524900244,0.5008189949577787
0.5,5000,3,3,12.0,0.5128660322405774,0.4904393167202745,0.4807459873906836,0.49562266348573814,0.7323878526283336,0.8031447510405426,0.842145830121782,0.8675813164791121,0.8948666563897025,0.9210729150608911,0.9357175890242022,0.43493659433656345,0.45708826870988295,0.47150196969744995,0.4760649687901859,0.4791745118527707,0.4872019554964058,0.4888534994481644
0.5,5000,3,3,15.0,0.507598063133783,0.44890354522108994,0.4807459873906836,0.49562266348573814,0.7323878526283336,0.8031447510405426,0.842145830121782,0.8675813164791121,0.8948666563897025,0.9210729150608911,0.9357175890242022,0.43493659433656345,0.45708826870988295,0.47150196969744995,0.4760649687901859,0.4791745118527707,0.4872019554964058,0.4888534994481644
0.5,5000,3,3,25.0,0.5050959204499869,0.4272378761987306,0.4807459873906836,0.49562266348573814,0.7323878526283336,0.8031447510405426,0.842145830121782,0.8675813164791121,0.8948666563897025,0.9210729150608911,0.9357175890242022,0.43493659433656345,0.45708826870988295,0.47150196969744995,0.4760649687901859,0.4791745118527707,0.4872019554964058,0.4888534994481644
0.5,5000,10,1,12.0,0.5203382224876457,0.2381628949148884,0.49543083057312365,0.49846168124318113,0.7272619000357299,0.8013815554408671,0.8427091190599071,0.8684346341657072,0.8943586486164595,0.920203263329231,0.9361626106633848,0.47830516263030304,0.49098738068908154,0.49543330841990413,0.5046953462460949,0.5128311913570522,0.5249550062912633,0.5342195867028164
0.5,5000,10,1,15.0,0.5257816765378526,0.27644335410114135,0.49543083057312365,0.49846168124318113,0.7272619000357299,0.8013815554408671,0.8427091190599071,0.8684346341657072,0.8943586486164595,0.920203263329231,0.9361626106633848,0.47830516263030304,0.49098738068908154,0.49543330841990413,0.5046953462460949,0.5128311913570522,0.5249550062912633,0.5342195867028164
0.5,5000,10,1,25.0,0.5393919664694331,0.3827738384476368,0.49543083057312365,0.49846168124318113,0.7272619000357299,0.8013815554408671,0.8427091190599071,0.8684346341657072,0.8943586486164595,0.920203263329231,0.9361626106633848,0.47830516263030304,0.49098738068908154,0.49543330841990413,0.5046953462460949,0.5128311913570522,0.5249550062912633,0.5342195867028164
0.5,5000,10,2,12.0,0.5230041513436471,0.1641642520082106,0.4959617267000218,0.4975645553492649,0.7290043660645492,0.8024141768684188,0.8443626401849157,0.8709870730245698,0.8955568872528037,0.9197842650458009,0.9361784093827583,0.4943766186726424,0.5008189949577803,0.5041359952199973,0.5145082169343881,0.5199538445378307,0.5334355362126195,0.5375107247700163
0.5,5000,10,2,15.0,0.5282483092178327,0.2001583194751984,0.4959617267000218,0.4975645553492649,0.7290043660645492,0.8024141768684188,0.8443626401849157,0.8709870730245698,0.8955568872528037,0.9197842650458009,0.9361784093827583,0.4943766186726424,0.5008189949577803,0.5041359952199973,0.5145082169343881,0.5199538445378307,0.5334355362126195,0.5375107247700163
0.5,5000,10,2,25.0,0.5416893473770465,0.3018809879634217,0.4959617267000218,0.4975645553492649,0.7290043660645492,0.8024141768684188,0.8443626401849157,0.8709870730245698,0.8955568872528037,0.9197842650458009,0.9361784093827583,0.4943766186726424,0.5008189949577803,0.5041359952199973,0.5145082169343881,0.5199538445378307,0.5334355362126195,0.5375107247700163
0.5,5000,10,3,12.0,0.528723689919492,0.29800912497903786,0.4888502820847541,0.49562266348573814,0.7270704917273022,0.802382166195486,0.8445567038976688,0.8706029568522038,0.8957686425360337,0.9209343282198638,0.9372016499049914,0.47761279923718264,0.48885349944832773,0.49911581497311797,0.5100507767013837,0.5177689230821637,0.5344227979323851,0.5434674372365714
0.5,5000,10,3,15.0,0.5342358345695166,0.33702042586146563,0.4888502820847541,0.49562266348573814,0.7270704917273022,0.802382166195486,0.8445567038976688,0.8706029568522038,0.8957686425360337,0.9209343282198638,0.9372016499049914,0.47761279923718264,0.48885349944832773,0.49911581497311797,0.5100507767013837,0.5177689230821637,0.5344227979323851,0.5434674372365714
0.5,5000,10,3,25.0,0.5510148453252922,0.46904676600543643,0.4888502820847541,0.49562266348573814,0.7270704917273022,0.802382166195486,0.8445567038976688,0.8706029568522038,0.8957686425360337,0.9209343282198638,0.9372016499049914,0.47761279923718264,0.48885349944832773,0.49911581497311797,0.5100507767013837,0.5177689230821637,0.5344227979323851,0.5434674372365714
0.7,500,1,1,12.0,0.5824427284246316,0.8840373701048735,0.6280849178275829,0.7042267501723938,0.03724556084885232,0.09008228670420096,0.16154179298397575,0.22477262884365526,0.3209181463837159,0.4452143785188393,0.5565179731485491,0.021439237518677934,0.05822415787565499,0.10685066959287522,0.1426270265089978,0.20491549155712788,0.26886924996195516,0.31166226940256214
0.7,500,1,1,15.0,0.6101230083567512,0.9358342271663628,0.6280849178275829,0.7042267501723938,0.03724556084885232,0.09008228670420096,0.16154179298397575,0.22477262884365526,0.3209181463837159,0.4452143785188393,0.5565179731485491,0.021439237518677934,0.05822415787565499,0.10685066959287522,0.1426270265089978,0.20491549155712788,0.26886924996195516,0.31166226940256214
0.7,500,1,1,25.0,0.4878910365293772,0.6811305494506333,0.6280849178275829,0.7042267501723938,0.03724556084885232,0.09008228670420096,0.16154179298397575,0.22477262884365526,0.3209181463837159,0.4452143785188393,0.5565179731485491,0.021439237518677934,0.05822415787565499,0.10685066959287522,0.1426270265089978,0.20491549155712788,0.26886924996195516,0.31166226940256214
0.7,500,1,2,12.0,0.6745738572707356,0.9999999997132089,0.6117272863916544,0.7254497526148909,0.03090294543698696,0.09270883631096088,0.17672621921776918,0.24142926122646063,0.331240946402704,0.44326412361178175,0.5465958474167069,0.019995923149924228,0.06085897080751869,0.12142955237064605,0.161994717078093,0.20998602727792692,0.269910756912658,0.3138955950703885
0.7,500,1,2,15.0,0.5185581128448917,0.7175790054475736,0.6117272863916544,0.7254497526148909,0.03090294543698696,0.09270883631096088,0.17672621921776918,0.24142926122646063,0.331240946402704,0.44326412361178175,0.5465958474167069,0.019995923149924228,0.06085897080751869,0.12142955237064605,0.161994717078093,0.20998602727792692,0.269910756912658,0.3138955950703885
0.7,500,1,2,25.0,0.4866975763838141,0.6516866941008176,0.6117272863916544,0.7254497526148909,0.03090294543698696,0.09270883631096088,0.17672621921776918,0.24142926122646063,0.331240946402704,0.44326412361178175,0.5465958474167069,0.019995923149924228,0.06085897080751869,0.12142955237064605,0.161994717078093,0.20998602727792692,0.269910756912658,0.3138955950703885
0.7,500,1,3,12.0,0.5319691420266562,0.7755717966227373,0.612977785720437,0.6745544332433857,0.03807390817469205,0.10638297872340426,0.17525195968645016,0.24468085106382978,0.3292273236282195,0.4596864501679731,0.5694288913773796,0.02459882756015709,0.07201184579872666,0.1137260141909991,0.15687704432729505,0.20501381901056207,0.263075222580762,0.30213281850079754
0.7,500,1,3,15.0,0.5201465898552259,0.7534458911626326,0.612977785720437,0.6745544332433857,0.03807390817469205,0.10638297872340426,0.17525195968645016,0.24468085106382978,0.3292273236282195,0.4596864501679731,0.5694288913773796,0.02459882756015709,0.07201184579872666,0.1137260141909991,0.15687704432729505,0.20501381901056207,0.263075222580762,0.30213281850079754
0.7,500,1,3,25.0,0.4414341051346431,0.5897880516796152,0.612977785720437,0.6745544332433857,0.03807390817469205,0.10638297872340426,0.17525195968645016,0.24468085106382978,0.3292273236282195,0.4596864501679731,0.5694288913773796,0.02459882756015709,0.07201184579872666,0.1137260141909991,0.15687704432729505,0.20501381901056207,0.263075222580762,0.30213281850079754
0.7,500,3,1,12.0,0.6477505953225,0.28314465230546587,0.6841226266218412,0.7272904163807967,0.03246512776200469,0.09208739661770152,0.16393037896555981,0.23552647821256634,0.3242809529687693,0.4488334773484755,0.5504258733489693,0.06980518112190807,0.174372412318202,0.25866256769743123,0.3405107942025508,0.4107298103788949,0.48019092417300646,0.5174893282559007
0.7,500,3,1,15.0,0.6583714644491383,0.2907468660035706,0.6841226266218412,0.7272904163807967,0.03246512776200469,0.09208739661770152,0.16393037896555981,0.23552647821256634,0.3242809529687693,0.4488334773484755,0.5504258733489693,0.06980518112190807,0.174372412318202,0.25866256769743123,0.3405107942025508,0.4107298103788949,0.48019092417300646,0.5174893282559007
0.7,500,3,1,25.0,0.6380611106924433,0.273563744488968,0.6841226266218412,0.7272904163807967,0.03246512776200469,0.09208739661770152,0.16393037896555981,0.23552647821256634,0.3242809529687693,0.4488334773484755,0.5504258733489693,0.06980518112190807,0.174372412318202,0.25866256769743123,0.3405107942025508,0.4107298103788949,0.48019092417300646,0.5174893282559007
0.7,500,3,2,12.0,0.6450029760834777,0.28890385886078734,0.6812637167666744,0.7248222052207235,0.03649345497818326,0.09229141874917361,0.15893164088324738,0.22702631230992992,0.32156551632949887,0.4434748115827053,0.5440962580986382,0.07946636862013388,0.16480708076645675,0.2547037582832807,0.3259526757083955,0.40001470422208296,0.47748447487802026,0.5315284576019629
0.7,500,3,2,15.0,0.6426429865048221,0.2872102854461158,0.6812637167666744,0.7248222052207235,0.03649345497818326,0.09229141874917361,0.15893164088324738,0.22702631230992992,0.32156551632949887,0.4434748115827053,0.5440962580986382,0.07946636862013388,0.16480708076645675,0.2547037582832807,0.3259526757083955,0.40001470422208296,0.47748447487802026,0.5315284576019629
0.7,500,3,2,25.0,0.6628126264798916,0.30443869313382005,0.6812637167666744,0.7248222052207235,0.03649345497818326,0.09229141874917361,0.15893164088324738,0.22702631230992992,0.32156551632949887,0.4434748115827053,0.5440962580986382,0.07946636862013388,0.16480708076645675,0.2547037582832807,0.3259526757083955,0.40001470422208296,0.47748447487802026,0.5315284576019629
0.7,500,3,3,12.0,0.6695690906467144,0.29645140865207054,0.6861004504737807,0.7360431012260904,0.03769057029926595,0.10417843026538678,0.16996047430830039,0.2413890457368718,0.3328627893845285,0.4536984754376059,0.5513833992094862,0.07814064641779947,0.1889342232925998,0.27312365916158515,0.3468068700119986,0.41576707499924737,0.48715409086276645,0.513920097532149
0.7,500,3,3,15.0,0.6564547795831217,0.28701997240085403,0.6861004504737807,0.7360431012260904,0.03769057029926595,0.10417843026538678,0.16996047430830039,0.2413890457368718,0.3328627893845285,0.4536984754376059,0.5513833992094862,0.07814064641779947,0.1889342232925998,0.27312365916158515,0.3468068700119986,0.41576707499924737,0.48715409086276645,0.513920097532149
0.7,500,3,3,25.0,0.6356777896259607,0.2688958357142813,0.6861004504737807,0.7360431012260904,0.03769057029926595,0.10417843026538678,0.16996047430830039,0.2413890457368718,0.3328627893845285,0.4536984754376059,0.5513833992094862,0.07814064641779947,0.1889342232925998,0.27312365916158515,0.3468068700119986,0.41576707499924737,0.48715409086276645,0.513920097532149
0.7,500,10,1,12.0,0.8096377205762262,0.1171429025173025,0.7087633192068731,0.7183249909006979,0.035377858549144325,0.09259427532939572,0.16019990913221263,0.22320157504164773,0.31291837043767984,0.43649856126003334,0.5372103589277601,0.20175650406926918,0.37470311001701684,0.48869835892830005,0.5849482958105363,0.6483697791798211,0.7410497122972651,0.8268294054089457
0.7,500,10,1,15.0,0.8160279926084614,0.1191301486051048,0.7087633192068731,0.7183249909006979,0.035377858549144325,0.09259427532939572,0.16019990913221263,0.22320157504164773,0.31291837043767984,0.43649856126003334,0.5372103589277601,0.20175650406926918,0.37470311001701684,0.48869835892830005,0.5849482958105363,0.6483697791798211,0.7410497122972651,0.8268294054089457
0.7,500,10,1,25.0,0.898465180131989,0.15109336097807946,0.7087633192068731,0.7183249909006979,0.035377858549144325,0.09259427532939572,0.16019990913221263,0.22320157504164773,0.31291837043767984,0.43649856126003334,0.5372103589277601,0.20175650406926918,0.37470311001701684,0.48869835892830005,0.5849482958105363,0.6483697791798211,0.7410497122972651,0.8268294054089457
0.7,500,10,2,12.0,0.7580577703473885,0.12154108882202468,0.7077058652206827,0.7077058652206827,0.03686457120682965,0.09636528262837925,0.16521148622429183,0.22982149786573536,0.31887854093907647,0.4432156254042168,0.5369292458931574,0.19045845691142138,0.3464098978178479,0.4676858517396772,0.5425351971822493,0.6153194935301861,0.7077058650940921,0.7542109959893116
0.7,500,10,2,15.0,0.7781352239106845,0.1284815344809324,0.7077058652206827,0.7077058652206827,0.03686457120682965,0.09636528262837925,0.16521148622429183,0.22982149786573536,0.31887854093907647,0.4432156254042168,0.5369292458931574,0.19045845691142138,0.3464098978178479,0.4676858517396772,0.5425351971822493,0.6153194935301861,0.7077058650940921,0.7542109959893116
0.7,500,10,2,25.0,0.8390603550318091,0.15396417481200683,0.7077058652206827,0.7077058652206827,0.03686457120682965,0.09636528262837925,0.16521148622429183,0.22982149786573536,0.31887854093907647,0.4432156254042168,0.5369292458931574,0.19045845691142138,0.3464098978178479,0.4676858517396772,0.5425351971822493,0.6153194935301861,0.7077058650940921,0.7542109959893116
0.7,500,10,3,12.0,0.9037747291505853,0.163724932044899,0.6991083736069161,0.6991083736069161,0.03624132708766245,0.09555172049448808,0.1601098862395661,0.22558377064769486,0.3174373965414011,0.44218645440777654,0.5456626633325116,0.18395749658273808,0.34017121144286033,0.48813406098519696,0.5812856797970184,0.660278289724303,0.7324653576464902,0.76453953220903
0.7,500,10,3,15.0,0.8883456745515659,0.1583622170309785,0.6991083736069161,0.6991083736069161,0.03624132708766245,0.09555172049448808,0.1601098862395661,0.22558377064769486,0.3174373965414011,0.44218645440777654,0.5456626633325116,0.18395749658273808,0.34017121144286033,0.48813406098519696,0.5812856797970184,0.660278289724303,0.7324653576464902,0.76453953220903
0.7,500,10,3,25.0,0.8682795225858863,0.15018791216577532,0.6991083736069161,0.6991083736069161,0.03624132708766245,0.09555172049448808,0.1601098862395661,0.22558377064769486,0.3174373965414011,0.44218645440777654,0.5456626633325116,0.18395749658273808,0.34017121144286033,0.48813406098519696,0.5812856797970184,0.660278289724303,0.7324653576464902,0.76453953220903
0.7,5000,1,1,12.0,0.6648894325805499,0.7933374778766409,0.6475427904881653,0.711324953479419,0.716338028169014,0.7887323943661971,0.8340845070422536,0.8656338028169014,0.8907042253521127,0.9140845070422535,0.9323943661971831,0.5015503975041995,0.5568086800848098,0.5732084036297586,0.588945840070452,0.6005362764518348,0.6067314338669783,0.6166122265419223
0.7,5000,1,1,15.0,0.6595538458712611,0.7600937553332198,0.6475427904881653,0.711324953479419,0.716338028169014,0.7887323943661971,0.8340845070422536,0.8656338028169014,0.8907042253521127,0.9140845070422535,0.9323943661971831,0.5015503975041995,0.5568086800848098,0.5732084036297586,0.588945840070452,0.6005362764518348,0.6067314338669783,0.6166122265419223
0.7,5000,1,1,25.0,0.650808344768004,0.7011624202224678,0.6475427904881653,0.711324953479419,0.716338028169014,0.7887323943661971,0.8340845070422536,0.8656338028169014,0.8907042253521127,0.9140845070422535,0.9323943661971831,0.5015503975041995,0.5568086800848098,0.5732084036297586,0.588945840070452,0.6005362764518348,0.6067314338669783,0.6166122265419223
0.7,5000,1,2,12.0,0.6828098653007372,0.9999999999999999,0.6789737976053676,0.7156670799575038,0.7312481020346189,0.7974491345277862,0.8457333738232614,0.873671424233222,0.8982690555724263,0.9213483146067416,0.9365320376556332,0.4975668301513708,0.5416965781464814,0.5802405217978926,0.5978924055127472,0.6219583651044883,0.6380825616911853,0.6380825616911853
0.7,5000,1,2,15.0,0.6850480355962844,0.9999999999999999,0.6789737976053676,0.7156670799575038,0.7312481020346189,0.7974491345277862,0.8457333738232614,0.873671424233222,0.8982690555724263,0.9213483146067416,0.9365320376556332,0.4975668301513708,0.5416965781464814,0.5802405217978926,0.5978924055127472,0.6219583651044883,0.6380825616911853,0.6380825616911853
0.7,5000,1,2,25.0,0.6856472719098212,0.9999999999999999,0.6789737976053676,0.7156670799575038,0.7312481020346189,0.7974491345277862,0.8457333738232614,0.873671424233222,0.8982690555724263,0.9213483146067416,0.9365320376556332,0.4975668301513708,0.5416965781464814,0.5802405217978926,0.5978924055127472,0.6219583651044883,0.6380825616911853,0.6380825616911853
0.7,5000,1,3,12.0,0.6861003339522632,0.9999999999999887,0.6662242876403649,0.7011292726481007,0.7365289256198347,0.8109090909090909,0.8512396694214877,0.8773553719008265,0.8991735537190083,0.9229752066115703,0.9385123966942148,0.49562512240286266,0.5581347642785497,0.58959742294962,0.6030714631404936,0.6103577001665954,0.6180772176052668,0.6221193368985731
0.7,5000,1,3,15.0,0.6844150005276942,0.999999997516229,0.6662242876403649,0.7011292726481007,0.7365289256198347,0.8109090909090909,0.8512396694214877,0.8773553719008265,0.8991735537190083,0.9229752066115703,0.9385123966942148,0.49562512240286266,0.5581347642785497,0.58959742294962,0.6030714631404936,0.6103577001665954,0.6180772176052668,0.6221193368985731
0.7,5000,1,3,25.0,0.6692474877772683,0.8951212772591274,0.6662242876403649,0.7011292726481007,0.7365289256198347,0.8109090909090909,0.8512396694214877,0.8773553719008265,0.8991735537190083,0.9229752066115703,0.9385123966942148,0.49562512240286266,0.5581347642785497,0.58959742294962,0.6030714631404936,0.6103577001665954,0.6180772176052668,0.6221193368985731
0.7,5000,3,1,12.0,0.7223171182735648,0.48728509702178785,0.7036200503167335,0.711324953479419,0.7273927392739274,0.8063177746346063,0.847996228194248,0.8728901461574728,0.9007072135785007,0.9253182461103253,0.9405940594059405,0.6099420786354874,0.6475427920126477,0.6666666691221682,0.6720017238556875,0.6776105986925477,0.683528514435028,0.6897982916639444
0.7,5000,3,1,15.0,0.7156830754467906,0.45046345914782615,0.7036200503167335,0.711324953479419,0.7273927392739274,0.8063177746346063,0.847996228194248,0.8728901461574728,0.9007072135785007,0.9253182461103253,0.9405940594059405,0.6099420786354874,0.6475427920126477,0.6666666691221682,0.6720017238556875,0.6776105986925477,0.683528514435028,0.6897982916639444
0.7,5000,3,1,25.0,0.7099097320039427,0.4157571375648885,0.7036200503167335,0.711324953479419,0.7273927392739274,0.8063177746346063,0.847996228194248,0.8728901461574728,0.9007072135785007,0.9253182461103253,0.9405940594059405,0.6099420786354874,0.6475427920126477,0.6666666691221682,0.6720017238556875,0.6776105986925477,0.683528514435028,0.6897982916639444
0.7,5000,3,2,12.0,0.6928052885102676,0.2974935105396436,0.7071700499603241,0.7156670799575038,0.7247440802398925,0.8021921207734464,0.8434494881604798,0.8702305862889049,0.8972184882638817,0.923068969082825,0.9359942094922965,0.6257968502119052,0.6380825616911803,0.6567055866411681,0.6672811110644021,0.6853339015332349,0.6921049981910763,0.6921049981910763
0.7,5000,3,2,15.0,0.7053895269645987,0.3652667919900803,0.7071700499603241,0.7156670799575038,0.7247440802398925,0.8021921207734464,0.8434494881604798,0.8702305862889049,0.8972184882638817,0.923068969082825,0.9359942094922965,0.6257968502119052,0.6380825616911803,0.6567055866411681,0.6672811110644021,0.6853339015332349,0.6921049981910763,0.6921049981910763
0.7,5000,3,2,25.0,0.7104257637450723,0.394667304965008,0.7071700499603241,0.7156670799575038,0.7247440802398925,0.8021921207734464,0.8434494881604798,0.8702305862889049,0.8972184882638817,0.923068969082825,0.9359942094922965,0.6257968502119052,0.6380825616911803,0.6567055866411681,0.6672811110644021,0.6853339015332349,0.6921049981910763,0.6921049981910763
0.7,5000,3,3,12.0,0.7260851190933016,0.5699593663122543,0.6857531775521201,0.7011292726481007,0.7336042442713625,0.8068630770967378,0.8479512360311547,0.8774128005418219,0.9030364600970764,0.9242578169093577,0.9405124731911051,0.5995739307031561,0.6397440349569268,0.6662242881387541,0.6662242881387541,0.6662242881387541,0.6723512163804701,0.6723512163804701
0.7,5000,3,3,15.0,0.7105598326669667,0.48047004410166194,0.6857531775521201,0.7011292726481007,0.7336042442713625,0.8068630770967378,0.8479512360311547,0.8774128005418219,0.9030364600970764,0.9242578169093577,0.9405124731911051,0.5995739307031561,0.6397440349569268,0.6662242881387541,0.6662242881387541,0.6662242881387541,0.6723512163804701,0.6723512163804701
0.7,5000,3,3,25.0,0.6977771474403204,0.40069778505014003,0.6857531775521201,0.7011292726481007,0.7336042442713625,0.8068630770967378,0.8479512360311547,0.8774128005418219,0.9030364600970764,0.9242578169093577,0.9405124731911051,0.5995739307031561,0.6397440349569268,0.6662242881387541,0.6662242881387541,0.6662242881387541,0.6723512163804701,0.6723512163804701
0.7,5000,10,1,12.0,0.7070321364156876,0.11270149558374329,0.7036200503167335,0.711324953479419,0.7252042849305576,0.8006814310051107,0.8429532526780816,0.8705281090289608,0.895071174891,0.9205959633875206,0.9353506770998758,0.6776105986934245,0.6897982916639496,0.6897982916639496,0.6964732648930962,0.7036200502232198,0.7197011921300263,0.7289039019293503
0.7,5000,10,1,15.0,0.7113341059160716,0.1337336326429051,0.7036200503167335,0.711324953479419,0.7252042849305576,0.8006814310051107,0.8429532526780816,0.8705281090289608,0.895071174891,0.9205959633875206,0.9353506770998758,0.6776105986934245,0.6897982916639496,0.6897982916639496,0.6964732648930962,0.7036200502232198,0.7197011921300263,0.7289039019293503
0.7,5000,10,1,25.0,0.728598733727535,0.22716881068015546,0.7036200503167335,0.711324953479419,0.7252042849305576,0.8006814310051107,0.8429532526780816,0.8705281090289608,0.895071174891,0.9205959633875206,0.9353506770998758,0.6776105986934245,0.6897982916639496,0.6897982916639496,0.6964732648930962,0.7036200502232198,0.7197011921300263,0.7289039019293503
0.7,5000,10,2,12.0,0.7381509340767477,0.12736396189899735,0.7156670799575038,0.7156670799575038,0.7257369255150554,0.7986370839936608,0.8404754358161648,0.8684310618066561,0.8937559429477021,0.9194611727416798,0.9343581616481775,0.7071700498374323,0.7071700498374323,0.7250022365570313,0.7250022365570313,0.7471884705925793,0.7471884705925793,0.7609054761298364
0.7,5000,10,2,15.0,0.7537976703097757,0.20143182341721683,0.7156670799575038,0.7156670799575038,0.7257369255150554,0.7986370839936608,0.8404754358161648,0.8684310618066561,0.8937559429477021,0.9194611727416798,0.9343581616481775,0.7071700498374323,0.7071700498374323,0.7250022365570313,0.7250022365570313,0.7471884705925793,0.7471884705925793,0.7609054761298364
0.7,5000,10,2,25.0,0.7646288644816039,0.2585302813130929,0.7156670799575038,0.7156670799575038,0.7257369255150554,0.7986370839936608,0.8404754358161648,0.8684310618066561,0.8937559429477021,0.9194611727416798,0.9343581616481775,0.7071700498374323,0.7071700498374323,0.7250022365570313,0.7250022365570313,0.7471884705925793,0.7471884705925793,0.7609054761298364
0.7,5000,10,3,12.0,0.7309183542279276,0.1610703798516719,0.7011292726481007,0.7011292726481007,0.7268027302831656,0.7994863823748057,0.8426370210177738,0.8707846185037508,0.8976143812935055,0.9212340339257957,0.9376562816787186,0.6857531776914889,0.7098015862603577,0.7098015862603577,0.7098015862603577,0.7193291956377343,0.7299398248634774,0.7299398248634774
0.7,5000,10,3,15.0,0.7321371511773959,0.16698252647990125,0.7011292726481007,0.7011292726481007,0.7268027302831656,0.7994863823748057,0.8426370210177738,0.8707846185037508,0.8976143812935055,0.9212340339257957,0.9376562816787186,0.6857531776914889,0.7098015862603577,0.7098015862603577,0.7098015862603577,0.7193291956377343,0.7299398248634774,0.7299398248634774
0.7,5000,10,3,25.0,0.7378878230780871,0.19713712640338155,0.7011292726481007,0.7011292726481007,0.7268027302831656,0.7994863823748057,0.8426370210177738,0.8707846185037508,0.8976143812935055,0.9212340339257957,0.9376562816787186,0.6857531776914889,0.7098015862603577,0.7098015862603577,0.7098015862603577,0.7193291956377343,0.7299398248634774,0.7299398248634774
