efficiency,photons,blinks,seed,fraction,ele,ele_detected
0.35,500,1,1,0.1,nan,0.3273435095005954
0.35,500,1,1,0.2,0.041869115866272816,0.3273435095005954
0.35,500,1,1,0.3,0.0184959911983748,0.3273435095005954
0.35,500,1,1,0.5,0.06622338523008066,0.3273435095005954
0.35,500,1,1,0.7,0.06949418206127977,0.3273435095005954
0.35,500,1,1,1.0,0.12425653159539113,0.3273435095005954
0.35,500,1,2,0.1,nan,0.3371276700744695
0.35,500,1,2,0.2,nan,0.3371276700744695
0.35,500,1,2,0.3,0.021565066436260702,0.3371276700744695
0.35,500,1,2,0.5,0.05912834566533466,0.3371276700744695
0.35,500,1,2,0.7,0.0670515871733336,0.3371276700744695
0.35,500,1,2,1.0,0.11239043660296522,0.3371276700744695
0.35,500,3,1,0.1,0.029612992918096725,0.35085929046192404
0.35,500,3,1,0.2,0.07378558576161513,0.35085929046192404
0.35,500,3,1,0.3,0.09432735361661779,0.35085929046192404
0.35,500,3,1,0.5,0.14400170059582235,0.35085929046192404
0.35,500,3,1,0.7,0.18477211270587196,0.35085929046192404
0.35,500,3,1,1.0,0.23454886291428895,0.35085929046192404
0.35,500,3,2,0.1,0.04018835683296813,0.37412899301958646
0.35,500,3,2,0.2,0.062061383709617134,0.37412899301958646
0.35,500,3,2,0.3,0.08829762525623,0.37412899301958646
0.35,500,3,2,0.5,0.13909875411308215,0.37412899301958646
0.35,500,3,2,0.7,0.187902374800491,0.37412899301958646
0.35,500,3,2,1.0,0.2397276582885267,0.37412899301958646
0.35,500,10,1,0.1,0.1043949034498611,0.36785156656110785
0.35,500,10,1,0.2,0.17461717689900502,0.36785156656110785
0.35,500,10,1,0.3,0.2379816871064894,0.36785156656110785
0.35,500,10,1,0.5,0.29510709056333495,0.36785156656110785
0.35,500,10,1,0.7,0.3509849850779676,0.36785156656110785
0.35,500,10,1,1.0,0.39895753509812465,0.36785156656110785
0.35,500,10,2,0.1,0.08698459641300456,0.353105805045658
0.35,500,10,2,0.2,0.1650242716912906,0.353105805045658
0.35,500,10,2,0.3,0.2069835090214947,0.353105805045658
0.35,500,10,2,0.5,0.27043766788009116,0.353105805045658
0.35,500,10,2,0.7,0.3223822676578899,0.353105805045658
0.35,500,10,2,1.0,0.36914797628229296,0.353105805045658
0.35,5000,1,1,0.1,0.03289130208398462,0.3457811659169206
0.35,5000,1,1,0.2,0.06676210377208011,0.3457811659169206
0.35,5000,1,1,0.3,0.08822629206312324,0.3457811659169206
0.35,5000,1,1,0.5,0.15566591592709184,0.3457811659169206
0.35,5000,1,1,0.7,0.2207639640512744,0.3457811659169206
0.35,5000,1,1,1.0,0.31809079131384715,0.3457811659169206
0.35,5000,1,2,0.1,0.05473906561792298,0.34189542056482114
0.35,5000,1,2,0.2,0.053717797797276735,0.34189542056482114
0.35,5000,1,2,0.3,0.09674159686181907,0.34189542056482114
0.35,5000,1,2,0.5,0.15161227117774273,0.34189542056482114
0.35,5000,1,2,0.7,0.22240124231612154,0.34189542056482114
0.35,5000,1,2,1.0,0.31738856331228316,0.34189542056482114
0.35,5000,3,1,0.1,0.0844984313036993,0.3500039911761955
0.35,5000,3,1,0.2,0.147836631042628,0.3500039911761955
0.35,5000,3,1,0.3,0.19098882584406046,0.3500039911761955
0.35,5000,3,1,0.5,0.2555450322189512,0.3500039911761955
0.35,5000,3,1,0.7,0.2985665864511682,0.3500039911761955
0.35,5000,3,1,1.0,0.34643484803652136,0.3500039911761955
0.35,5000,3,2,0.1,0.07428344955202648,0.34629136064069876
0.35,5000,3,2,0.2,0.14505883832045416,0.34629136064069876
0.35,5000,3,2,0.3,0.1848200878243659,0.34629136064069876
0.35,5000,3,2,0.5,0.2534785670201648,0.34629136064069876
0.35,5000,3,2,0.7,0.30032365418100565,0.34629136064069876
0.35,5000,3,2,1.0,0.3507763342605091,0.34629136064069876
0.35,5000,10,1,0.1,0.18004453318216387,0.3510249313464238
0.35,5000,10,1,0.2,0.24363624982537146,0.3510249313464238
0.35,5000,10,1,0.3,0.2809379753105216,0.3510249313464238
0.35,5000,10,1,0.5,0.3186518754051727,0.3510249313464238
0.35,5000,10,1,0.7,0.3404389152156578,0.3510249313464238
0.35,5000,10,1,1.0,0.360805150194924,0.3510249313464238
0.35,5000,10,2,0.1,0.17755994027573938,0.35002279816266424
0.35,5000,10,2,0.2,0.24423313479057862,0.35002279816266424
0.35,5000,10,2,0.3,0.28570423815863943,0.35002279816266424
0.35,5000,10,2,0.5,0.32302771508205985,0.35002279816266424
0.35,5000,10,2,0.7,0.3494302430661135,0.35002279816266424
0.35,5000,10,2,1.0,0.36802009988147305,0.35002279816266424
0.5,500,1,1,0.1,nan,0.4508860813286015
0.5,500,1,1,0.2,0.02270524055650376,0.4508860813286015
0.5,500,1,1,0.3,0.04059486627088055,0.4508860813286015
0.5,500,1,1,0.5,0.0859660472122346,0.4508860813286015
0.5,500,1,1,0.7,0.11284141455187433,0.4508860813286015
0.5,500,1,1,1.0,0.16092946002761654,0.4508860813286015
0.5,500,1,2,0.1,nan,0.43984839582035756
0.5,500,1,2,0.2,0.04900102237810072,0.43984839582035756
0.5,500,1,2,0.3,0.0565343987463728,0.43984839582035756
0.5,500,1,2,0.5,0.08542708462029318,0.43984839582035756
0.5,500,1,2,0.7,0.13113381910855476,0.43984839582035756
0.5,500,1,2,1.0,0.17433358741372434,0.43984839582035756
0.5,500,3,1,0.1,0.03927918862537124,0.48072983153827864
0.5,500,3,1,0.2,0.10034530044255485,0.48072983153827864
0.5,500,3,1,0.3,0.12428125961843714,0.48072983153827864
0.5,500,3,1,0.5,0.1933629525618063,0.48072983153827864
0.5,500,3,1,0.7,0.24411819016122652,0.48072983153827864
0.5,500,3,1,1.0,0.31291903438359875,0.48072983153827864
0.5,500,3,2,0.1,0.0379349198413635,0.49999792915712704
0.5,500,3,2,0.2,0.09158514214423277,0.49999792915712704
0.5,500,3,2,0.3,0.12193830351232027,0.49999792915712704
0.5,500,3,2,0.5,0.19730789476885144,0.49999792915712704
0.5,500,3,2,0.7,0.25454568206932143,0.49999792915712704
0.5,500,3,2,1.0,0.3219437690649596,0.49999792915712704
0.5,500,10,1,0.1,0.13996582354922316,0.5038895760215745
0.5,500,10,1,0.2,0.2248573095289741,0.5038895760215745
0.5,500,10,1,0.3,0.29077731856041467,0.5038895760215745
0.5,500,10,1,0.5,0.38634156138687226,0.5038895760215745
0.5,500,10,1,0.7,0.4451846735919644,0.5038895760215745
0.5,500,10,1,1.0,0.516149335816266,0.5038895760215745
0.5,500,10,2,0.1,0.13384891434249463,0.4906471774417342
0.5,500,10,2,0.2,0.22011355677198652,0.4906471774417342
0.5,500,10,2,0.3,0.28536386783451684,0.4906471774417342
0.5,500,10,2,0.5,0.37791572094034387,0.4906471774417342
0.5,500,10,2,0.7,0.4414483298482302,0.4906471774417342
0.5,500,10,2,1.0,0.4968228859785653,0.4906471774417342
0.5,5000,1,1,0.1,0.03897106602132597,0.48081527268565244
0.5,5000,1,1,0.2,0.09283712706085562,0.48081527268565244
0.5,5000,1,1,0.3,0.1354472895393634,0.48081527268565244
0.5,5000,1,1,0.5,0.21415817928202818,0.48081527268565244
0.5,5000,1,1,0.7,0.296781059204479,0.48081527268565244
0.5,5000,1,1,1.0,0.4322197305009025,0.48081527268565244
0.5,5000,1,2,0.1,0.044236464275300307,0.4653604862175605
0.5,5000,1,2,0.2,0.0868533328722346,0.4653604862175605
0.5,5000,1,2,0.3,0.12768278566364974,0.4653604862175605
0.5,5000,1,2,0.5,0.22182484111473447,0.4653604862175605
0.5,5000,1,2,0.7,0.3080244856719821,0.4653604862175605
0.5,5000,1,2,1.0,0.4369487468741957,0.4653604862175605
0.5,5000,3,1,0.1,0.11029125261002,0.49393564974725657
0.5,5000,3,1,0.2,0.19480908494942112,0.49393564974725657
0.5,5000,3,1,0.3,0.26579402940715297,0.49393564974725657
0.5,5000,3,1,0.5,0.3490625758596698,0.49393564974725657
0.5,5000,3,1,0.7,0.42350770152402717,0.49393564974725657
0.5,5000,3,1,1.0,0.48952783179000053,0.49393564974725657
0.5,5000,3,2,0.1,0.11138454207793762,0.48969854961289366
0.5,5000,3,2,0.2,0.2010565699001809,0.48969854961289366
0.5,5000,3,2,0.3,0.2644240401010466,0.48969854961289366
0.5,5000,3,2,0.5,0.35927292021565993,0.48969854961289366
0.5,5000,3,2,0.7,0.4288697234664275,0.48969854961289366
0.5,5000,3,2,1.0,0.49124276970436753,0.48969854961289366
0.5,5000,10,1,0.1,0.24311195138527025,0.49543083057312365
0.5,5000,10,1,0.2,0.34809341251929987,0.49543083057312365
0.5,5000,10,1,0.3,0.4019436492200185,0.49543083057312365
0.5,5000,10,1,0.5,0.4607543063778349,0.49543083057312365
0.5,5000,10,1,0.7,0.49367120842255197,0.49543083057312365
0.5,5000,10,1,1.0,0.5145070808203062,0.49543083057312365
0.5,5000,10,2,0.1,0.24163336192590895,0.4959617267000218
0.5,5000,10,2,0.2,0.3452800381372912,0.4959617267000218
0.5,5000,10,2,0.3,0.3993906265887538,0.4959617267000218
0.5,5000,10,2,0.5,0.4572917093182255,0.4959617267000218
0.5,5000,10,2,0.7,0.4906846077065986,0.4959617267000218
0.5,5000,10,2,1.0,0.5199529410647986,0.4959617267000218
