efficiency,photons,blinks,replicate,pores,ele_labelled,counting,cutoff,N,p_N,joint,p_joint,joint_all,p_joint_all
0.35,500,1,0,462,0.37416106621470857,0.12648481719314114,0.2594699632447655,0.33561384240633746,0.8467108063597525,0.3295122860026608,0.8404949377428401,0.3333568577985327,0.8430342466244701
0.35,500,1,1,460,0.3672230413728989,0.13107812577975658,0.24641597857580586,0.3329994478633406,0.8489343267305952,0.32687191358831674,0.843339070321578,0.332693940712,0.8484460188694599
0.35,500,1,2,463,0.36718250968937827,0.1153776837515646,0.2834567923814417,0.3242878188586051,0.8237005428905917,0.32102481517912274,0.8208427828555729,0.32013311015456786,0.8169077232257284
0.35,500,1,3,469,0.3598690667991467,0.1092889256283563,0.26769288569495364,0.3265124073072248,0.8230256200774053,0.3216870251687536,0.8184163071689043,0.31852533002280237,0.8099208239541086
0.35,500,1,4,425,0.38012245661713545,0.11492652030317957,0.275052379928055,0.3184387997866402,0.7832821003664562,0.3143613953694549,0.7793246719691781,0.311602803484464,0.7718522381632446
0.35,500,3,0,640,0.37226832161779394,0.2363251421217697,0.3508958029263272,0.3778333123548135,0.3159911168716678,0.3682004924256432,0.3112570982189034,0.37880892968288726,0.3166990686529381
0.35,500,3,1,613,0.36646772787602583,0.24190852265711207,0.36100629269811685,0.3947012402462577,0.3343589043105599,0.38251318772901777,0.3269011846130308,0.39493209502846144,0.3345281503839721
0.35,500,3,2,632,0.36753720615822616,0.2454862228618278,0.3713766662510866,0.38666286620761686,0.32365746896969894,0.3817263146709763,0.3214307751674344,0.3966569160534096,0.3308776663721826
0.35,500,3,3,618,0.3705727777168565,0.2397447516038009,0.35614381218793134,0.3842815846414564,0.32006324586323065,0.3738019261165557,0.3140205240829089,0.3875820931148639,0.322438185455616
0.35,500,3,4,596,0.36179603059592513,0.23593938806743753,0.345996884701367,0.37331691561563946,0.320469342073655,0.3632197062899245,0.31469755234402375,0.37967776493486993,0.3251752215919925
0.35,500,10,0,803,0.368290851961026,0.3905221684442502,0.3998695833002357,0.3883334304706064,0.0968668478442736,0.3992767161187737,0.10020569251967588,0.46283758679854775,0.11414841290768657
0.35,500,10,1,795,0.3610577492913389,0.374607774184833,0.3991537518488298,0.4021447573915041,0.10496094581796264,0.4005995420804979,0.10497301369584078,0.45182412157452356,0.11703937907430371
0.35,500,10,2,828,0.3647059174845771,0.3868934402160292,0.4013051169388254,0.4107061898857235,0.10215854194861558,0.40426209942607744,0.1011748150830551,0.4638507273164319,0.11450251887433081
0.35,500,10,3,800,0.36190800308989296,0.3870404988753162,0.4028121997672041,0.4032719769680687,0.10252498961912831,0.40452222635204477,0.10356898285619888,0.464595528195742,0.1170456396052833
0.35,500,10,4,758,0.3583357865193774,0.37261332864174096,0.3923950644885916,0.38821239791569667,0.100401197390937,0.3927653765189367,0.10207332110538898,0.4453606708521799,0.11413620561745995
0.35,5000,1,0,1124,0.35441206804713316,0.3130350693758421,0.35064390417012903,0.3430783827501218,0.9737878747000784,0.34868466107240187,0.9852374734320061,0.34521086556653174,0.9783651109489977
0.35,5000,1,1,1160,0.348782373257338,0.3057137758564176,0.3498288738473391,0.34542043293814756,0.9962709635795512,0.34842896964390396,0.9999999999999867,0.3423968281286495,0.9897798279880116
0.35,5000,1,2,1134,0.35604627659898896,0.3115060465322119,0.35189522482142294,0.3484287213339817,0.988954401199525,0.35095895100033114,0.9941587265765603,0.34713981808020267,0.9862084326621232
0.35,5000,1,3,1125,0.35321684964306793,0.3089791733182265,0.3491903917329168,0.3478684822998272,0.9896685353242718,0.3488373188055116,0.9916488366943207,0.34482198327405217,0.9831954612439749
0.35,5000,1,4,1062,0.3503862500419098,0.30635295115316763,0.34433001770948235,0.3384360289729666,0.967643240102354,0.3428589684656076,0.9767747736091346,0.33956650157957047,0.9701182612771333
0.35,5000,3,0,1142,0.3542102223104502,0.34602047184079465,0.35650064972291323,0.3622705653217223,0.34553415664034426,0.35686145116266327,0.3407957564067414,0.35964213957782903,0.3432080713583092
0.35,5000,3,1,1169,0.3476190787119786,0.33990993011351917,0.35134439499094305,0.3494191355804815,0.3462548249533785,0.35121994823136127,0.34789094066109455,0.3523811844901003,0.348971210495683
0.35,5000,3,2,1148,0.35363979571099685,0.3487493247417646,0.3579219274403766,0.36893427417838853,0.35385188542745216,0.35860219792478143,0.3447620278383061,0.3626915601352365,0.34828146975681945
0.35,5000,3,3,1129,0.35450964716753125,0.3495250443970835,0.35873264208701533,0.37983275628180224,0.3671323122818876,0.3600227591481027,0.34949994322457284,0.3656663352917313,0.3543812570542384
0.35,5000,3,4,1072,0.349351628739851,0.34378175516994003,0.35351992426061357,0.3602773418166373,0.3544283713390881,0.35394812835109,0.3487417422480177,0.3575548542876088,0.3519465029181401
0.35,5000,10,0,1146,0.3528543526866638,0.3753211271432748,0.3614469491902047,0.35025392598834343,0.10172941900046248,0.3610018695784601,0.10470720673560749,0.3764500350273137,0.10894179401526075
0.35,5000,10,1,1174,0.34659054310462606,0.37280016261796683,0.3569341611270497,0.38256823366346127,0.1137890923504628,0.35785866798267607,0.10683485565819088,0.3779566310223141,0.11248395797938303
0.35,5000,10,2,1150,0.35361893543528516,0.3813804820314438,0.3627506851659866,0.3802896244225094,0.10917407502602111,0.36339270652886974,0.10459469483475169,0.38536459544428875,0.1105605059619495
0.35,5000,10,3,1136,0.3529526814492616,0.3805418483633915,0.362649253494019,0.38635769524650837,0.11252974194958508,0.3635083197983255,0.10622845872705042,0.38535505246899726,0.11225193379887079
0.35,5000,10,4,1077,0.348004248249722,0.37061352331621805,0.3558624137137184,0.3649766652023303,0.10883845792882088,0.3562100689537125,0.10638584859928678,0.3740313049894882,0.11140384737535279
0.5,500,1,0,565,0.5155315764126596,0.15910969532409092,0.36115095110320666,0.46462070977431863,0.8400325378878896,0.4581879895515763,0.8353284586183963,0.4527040158472378,0.8253084663563737
0.5,500,1,1,566,0.502671103706937,0.16603740040563872,0.3843576785519193,0.45920405573132256,0.8434328215570496,0.45463790340707805,0.8399573125820242,0.4500565472033684,0.8320198112149413
0.5,500,1,2,538,0.518678601753777,0.16570197487442365,0.38226965392282464,0.4539168721379669,0.8238923092279858,0.4497624160942826,0.8208238394311176,0.44681706775591645,0.8150983482328638
0.5,500,1,3,544,0.5084853121327969,0.1732346321970429,0.3776022760181129,0.45913143805367557,0.8421198135848896,0.4535947620128136,0.8382820551712814,0.4539217740845716,0.8356497452276
0.5,500,1,4,534,0.5057148598938401,0.16495184814828595,0.37538864758351076,0.4639623543427493,0.842977036210275,0.4584176852638249,0.8389489591196974,0.4539338859832673,0.830325678609829
0.5,500,3,0,711,0.5180023306363001,0.3269112411375408,0.5045726060275291,0.5266040561985875,0.3178640378428831,0.5186256305674333,0.31446681058720705,0.5248957067213222,0.3169379652821408
0.5,500,3,1,699,0.515946851012861,0.32410749848093173,0.4801852978399811,0.5159395229503239,0.3134487355241609,0.5019764786591684,0.3071209579381721,0.5199598537058648,0.31563284707629014
0.5,500,3,2,744,0.517346852606236,0.325330214751221,0.5029479710647359,0.5296381344117226,0.3193609181849933,0.5196614106576095,0.31482175203147905,0.5233221602656513,0.3159385257618891
0.5,500,3,3,730,0.5139270612136009,0.3271667359223834,0.4945588102120475,0.5121408978458108,0.31018692883684723,0.5056750195699024,0.30753499044803173,0.5208336294503062,0.31489962466102805
0.5,500,3,4,682,0.4999995483863691,0.314329205998759,0.47865952747079094,0.5369993912574015,0.33699065518878696,0.5156380580775038,0.32632228358654863,0.5223236745167829,0.3287568343365344
0.5,500,10,0,927,0.511010755864029,0.507130697643889,0.5495554139132885,0.5247321637246399,0.0966731338686807,0.5459844493474688,0.10083122197572066,0.6009683704122748,0.11001221426133465
0.5,500,10,1,943,0.501196863461131,0.5004812703809122,0.540213398520634,0.5572572611957842,0.10402248965110128,0.5456102828096773,0.10264924346428686,0.6026185129442265,0.11208672103337236
0.5,500,10,2,954,0.5064112269119256,0.4911179891835668,0.526488290624053,0.5613981842357075,0.10322242013554293,0.5346256898190601,0.09915462224354862,0.5904930122245867,0.1083225062398023
0.5,500,10,3,919,0.508798303892264,0.49313967869850023,0.5329176515503122,0.5515282709834531,0.10295443367769004,0.5377814487921605,0.10096445331728443,0.5929823753637732,0.11032161998054278
0.5,500,10,4,851,0.504918988908418,0.49345300657629226,0.5439305959518478,0.5479064178741988,0.10252347416898018,0.5459232036809378,0.10256735793695014,0.5909065290454001,0.11018137454479399
0.5,5000,1,0,1141,0.506137142146708,0.4420174681416044,0.49675154639259006,0.48724340525644044,0.9857174634634293,0.4938015618108141,0.9950341773807665,0.48834704007623053,0.9873959347134258
0.5,5000,1,1,1174,0.49517203367636264,0.43555763442706774,0.48657467398507387,0.48822015125680734,0.9944401248552117,0.48709504212326943,0.9927786017810472,0.4849453439942324,0.98932185484503
0.5,5000,1,2,1151,0.5025163565106345,0.44090980127802665,0.49024862136299857,0.48578965444281313,0.9889786966412856,0.4886536435806574,0.9931341377666643,0.4878285316127632,0.9919927707460829
0.5,5000,1,3,1132,0.4993383053723197,0.43617603520893483,0.49316305928339566,0.48442102234151974,0.9831730444740788,0.4904129849392756,0.9921385061643838,0.4839500906057259,0.9824265442623561
0.5,5000,1,4,1077,0.4935112082946289,0.43696945694167844,0.4950413770114292,0.47455890611637425,0.9638279078435107,0.4890338058069038,0.9857131512952032,0.4806999956750418,0.973652469265133
0.5,5000,3,0,1148,0.5035209509333287,0.49061328784943864,0.506405957750224,0.5086713409602679,0.3477158220308694,0.5065693206823654,0.34638852475094944,0.5092900429779197,0.34811506424834343
0.5,5000,3,1,1175,0.49507275058354716,0.4832989405227729,0.49750208869799656,0.5083869072212682,0.35212803575527146,0.4982452461216733,0.34550513466821253,0.5027493706092189,0.3484227716265191
0.5,5000,3,2,1153,0.5020722794210335,0.48508844998862766,0.4968314649953944,0.4952576407117597,0.33893656796885474,0.4967289354288916,0.33992939963863583,0.5019754849050659,0.34329337244636016
0.5,5000,3,3,1137,0.49923173610624016,0.48509002616944547,0.4978626462735828,0.522803473403282,0.36044372364479565,0.4995151153557896,0.3452711350320154,0.5068279669181821,0.3499733299163956
0.5,5000,3,4,1081,0.49331237884065593,0.48308974229572543,0.4963125102850008,0.5162237921559654,0.3620454734787257,0.4976623607693224,0.34979352608986647,0.5041060344933049,0.3539792396290908
0.5,5000,10,0,1148,0.5035209509333287,0.5263879270383603,0.5135322880151711,0.5123847473468411,0.1058759602205708,0.5134846316752736,0.1061081602801476,0.5301866682859112,0.10943197396652023
0.5,5000,10,1,1174,0.4955863449549339,0.5205921537751877,0.5050674604975453,0.5346240971687837,0.11101092616462609,0.5062755945629839,0.1053402757613515,0.527764215057527,0.10963215284347472
0.5,5000,10,2,1153,0.5020722794210335,0.5231056368756908,0.5090961204638687,0.5416190683765629,0.11129150420740712,0.510428597273631,0.10510441748663098,0.530707196493406,0.10911922380829721
0.5,5000,10,3,1137,0.49923173610624016,0.5239654952528026,0.505963522274707,0.5411421157858523,0.1126121840851721,0.5073888368748397,0.10583211495520721,0.5315684389476335,0.11068235229729263
0.5,5000,10,4,1081,0.49331237884065593,0.5138304722464271,0.5010496881377099,0.5065503084283888,0.10679720559718245,0.501283410108868,0.10573995451138365,0.5183510451333808,0.10920100247682185
0.7,500,1,0,662,0.6947169954563833,0.21442564965309033,0.495454163332467,0.5844711525770521,0.7925142534331779,0.5792841126471098,0.7895804237701456,0.5676791233565923,0.7759323253455579
0.7,500,1,1,629,0.69420621767724,0.21632744279520827,0.4892647354509279,0.6137441502667141,0.8238395097836956,0.607647028447145,0.8202438400267362,0.5947964607956785,0.8056427330875064
0.7,500,1,2,646,0.7131288721170929,0.2143661681395056,0.5068171525671504,0.6005882711756164,0.8036337913949897,0.5954161655599997,0.8008453818631707,0.5790794062978198,0.7826836592369224
0.7,500,1,3,654,0.6971734345270386,0.2250248602149686,0.5226604464180733,0.6106019703711871,0.8201974988316579,0.6060982821890378,0.8180832243544452,0.5975287022861856,0.8077859058275312
0.7,500,1,4,607,0.69504025909194,0.20860606578884888,0.49310946974619524,0.593635087012702,0.7984194676753156,0.5881134497298858,0.7951336209772645,0.5704385920551378,0.7756313816686212
0.7,500,3,0,844,0.7051951752858021,0.43099826537041325,0.6837797220426933,0.6978362396589319,0.3155861467046467,0.6930101546103246,0.314019436097751,0.6899080403224565,0.31229716915092626
0.7,500,3,1,822,0.7003746504089121,0.427567217639161,0.6701980444797495,0.6985134986217773,0.3175368218151306,0.6890997188663103,0.31472428946673536,0.6871047897053882,0.31278195136707354
0.7,500,3,2,841,0.7078689057579636,0.4314741088290204,0.6884365148696617,0.7273307289277655,0.3248882885287959,0.7140870291852703,0.32021239350541764,0.7061339521882689,0.316188112116262
0.7,500,3,3,810,0.6992708447032276,0.42054354244584063,0.6758701621830258,0.7270662278230762,0.3281481157302821,0.7084602621047263,0.32120655487678634,0.6892436726626254,0.31243620473511524
0.7,500,3,4,781,0.7086814318341552,0.42993445196063246,0.6874442853781196,0.7122553448181369,0.3215318646391106,0.7036209769033187,0.3182426522578851,0.7003413849580037,0.31660177205873125
0.7,500,10,0,1010,0.7016726378391194,0.6561118641203327,0.7130986720503802,0.7393315201029111,0.10072194670238482,0.720008324400335,0.09854703580250841,0.7804667302128325,0.10614375446861427
0.7,500,10,1,1032,0.7009845806664486,0.6457631297259165,0.7227854779322584,0.7451218668198208,0.1014182965993459,0.729653336288465,0.09989860343125025,0.7705187382986585,0.10476426492855784
0.7,500,10,2,1011,0.7128354453009542,0.6561969315859791,0.7380025958272096,0.7712727306170991,0.1040169475351892,0.746791737264921,0.1012212564747798,0.787852381909228,0.10618361611038019
0.7,500,10,3,1015,0.6899899325642026,0.6572985565290724,0.7598307689691642,0.7664566503006945,0.10421990883432343,0.7623527714178282,0.10390974124759803,0.7891291585992208,0.10720675564855807
0.7,500,10,4,945,0.7040443384353999,0.6625755343341773,0.7537800892322991,0.7467901003818203,0.10268927107975073,0.753745780927928,0.10397370564572239,0.7887478568154449,0.10827127769714469
0.7,5000,1,0,1148,0.7003943506008766,0.6034939098582334,0.6843958558212889,0.6589118492364786,0.9683091657062407,0.671653794653408,0.9815132422764905,0.6625386982584974,0.9723264009315892
0.7,5000,1,1,1174,0.6915651508332377,0.6022786694249161,0.6838638860122622,0.6605368578170333,0.9740944776833496,0.6719089004472589,0.9854363336039188,0.6623648669789495,0.9760926450629082
0.7,5000,1,2,1152,0.7124588837380113,0.6047141119672294,0.6717466677716478,0.6752168128213769,0.9928677340402303,0.6735170637354827,0.9911108652250722,0.674274948289228,0.9918522702727512
0.7,5000,1,3,1137,0.6890849585898886,0.5896119364678403,0.6627099458725997,0.6731276455140808,0.9868273283672435,0.6679176886481563,0.9813476657719166,0.6665358204664186,0.9796388798946141
0.7,5000,1,4,1081,0.6989862780583963,0.6071388787487512,0.6726255764200436,0.6678577057327094,0.9855187342841499,0.6701755327696821,0.9879582852953234,0.6695887790106962,0.9873967982927468
0.7,5000,3,0,1148,0.7003943506008766,0.6714597540464128,0.6892685949066265,0.7129251309082274,0.355403940018388,0.6918956711338594,0.3453466806687715,0.7007881089342783,0.34955562893819525
0.7,5000,3,1,1175,0.6916308350538237,0.6710977786815678,0.6998162152186878,0.7133885831930767,0.3584302659919838,0.7014313704285732,0.3526649665330873,0.7010795588730179,0.35245495229162216
0.7,5000,3,2,1153,0.7125212489100003,0.6710524064941961,0.7000545276578548,0.7423687083245032,0.3672527257006249,0.7048394305119068,0.3493318427865884,0.7086641197172594,0.35111037515200266
0.7,5000,3,3,1137,0.6890849585898886,0.6699012252763288,0.6966377031618419,0.7323034443889258,0.3638460254058189,0.7006738643544371,0.34874150412944327,0.7050830295359489,0.35076086770308584
0.7,5000,3,4,1081,0.6989862780583963,0.6611575807986906,0.6877893164342118,0.7050644963083235,0.35465375800648,0.6897064276076736,0.3472357433265377,0.6913032069702355,0.3479697288886038
0.7,5000,10,0,1148,0.7003943506008766,0.7218152263157218,0.7186819722909881,0.7237560497305935,0.10908426210680114,0.7191194785306223,0.10840284269159321,0.728893708431799,0.10984364767447145
0.7,5000,10,1,1175,0.6916308350538237,0.7021293907646929,0.6910565664747127,0.7346795607285139,0.11056010591341567,0.6941969196336972,0.10460230401503151,0.7154030018562064,0.10771566073407181
0.7,5000,10,2,1153,0.7125212489100003,0.7246787035842568,0.7193686050701265,0.7601224589688316,0.11297299481841845,0.7227465904446044,0.10752987073735878,0.7396157025721637,0.10997951013246443
0.7,5000,10,3,1137,0.6890849585898886,0.7006921217488488,0.6914735855353208,0.769070116799007,0.1152701815195126,0.6967893011846557,0.10465395029453431,0.7210204392013119,0.10819861205782008
0.7,5000,10,4,1081,0.6989862780583963,0.710196319576004,0.7061798552744484,0.7392937468603871,0.11273690933610084,0.7087772675956134,0.10818272166488704,0.7232086729815305,0.11033106776621011
