efficiency,photons,blinks,replicate,pores_total,default found,default junk,default fitted,default le,default p,default counting,lenient found,lenient junk,lenient fitted,lenient le,lenient p,lenient counting,adaptive found,adaptive junk,adaptive fitted,adaptive le,adaptive p,adaptive counting,none found,none junk,none fitted,none le,none p,none counting
0.35,500,1,0,1134,67,15,77,0.5665358258150467,0.9999999999999987,0.1763464426782798,691,435,625,0.37351401465273326,1.0,0.11944065490665794,718,198,695,0.36845976459907237,0.9703141905905323,0.12304028014912605,906,868,873,0.37626858595124957,1.0,0.11610879043242818
0.35,500,1,1,1134,75,17,86,0.5660847731835489,0.9999999999999944,0.17957761428169283,742,443,654,0.3813102705393248,1.0,0.11188400948414672,727,199,685,0.3876024041937267,1.0,0.11845276459678458,939,907,894,0.3789990368836219,1.0,0.11738287619734163
0.35,500,1,2,1134,70,11,74,0.5595865049515887,0.9999999999999991,0.20024207747104075,704,462,616,0.37475448955331603,1.0,0.12238170559792243,709,187,650,0.3792314181127729,1.0,0.12377278870147324,894,876,795,0.3745744122520223,1.0,0.11668407833205388
0.35,500,1,3,1134,80,5,81,0.5527494093665268,0.9803285263838682,0.16968486483579784,684,465,598,0.3349956672461135,0.9189892638834548,0.1120228551844915,686,211,652,0.3821045133623024,1.0,0.11440659053676179,880,896,809,0.3165143481038915,0.8824354342345627,0.11064068559037787
0.35,500,1,4,1134,67,7,71,0.5580301756000678,0.999999999999986,0.1602059449580167,661,427,582,0.3603994053934891,1.0,0.11973254130969975,666,194,625,0.37295475992994476,1.0,0.11967701719601359,853,836,788,0.36384573907911055,1.0,0.11494618229438254
0.35,500,3,0,1134,831,179,928,0.3757955380428337,0.3159999002421959,0.2448982562626547,883,712,1023,0.34680774175705337,0.3078854857550072,0.23865300572818354,925,180,1027,0.36950178473325085,0.32077707119210885,0.242291467494167,1056,1552,1414,0.3204125676961934,0.2943334132421781,0.22818763319060423
0.35,500,3,1,1134,806,192,907,0.3882539116895785,0.32755336777973676,0.25047767227321077,863,740,1008,0.35672198831739654,0.3186691503079563,0.24437233529380706,937,203,1058,0.3741800417760041,0.32810978848850536,0.2449749939181951,1073,1573,1437,0.32644694212060765,0.29883080231754977,0.23526100006664263
0.35,500,3,2,1134,828,162,907,0.3817286817169113,0.32708541737458036,0.24087245144267586,883,696,1000,0.3530428146354013,0.318938450007534,0.23302688055149268,940,178,1037,0.37460867511376955,0.3342874231197906,0.23785327772831877,1071,1503,1390,0.32380530115160033,0.3028550780588664,0.22282037919226505
0.35,500,3,3,1134,798,190,893,0.3731212148645204,0.3200734775497403,0.24530269672565713,880,712,1004,0.33969092314083177,0.31104425152442366,0.23626054430485183,925,172,1019,0.3591836998109927,0.32175788048599413,0.23808859291799336,1060,1477,1401,0.31482033402192383,0.298458885681878,0.22453467246212677
0.35,500,3,4,1134,750,176,841,0.3648903218403614,0.3153186782470466,0.2385011236763268,815,665,937,0.3400698812768844,0.31033176809770807,0.2303504211041011,867,181,977,0.3543276055988245,0.32056790103591853,0.23420618438268775,1004,1384,1317,0.311475383175297,0.2951539665170573,0.2200068917743678
0.35,500,10,0,1134,992,445,1198,0.30797177178845536,0.08359248991315171,0.34615740439040643,994,2092,1249,0.29172510848906186,0.0811640978569491,0.34143901417630623,993,139,1090,0.3432531783268184,0.09158958612075657,0.36128732943849984,1101,3959,1729,0.24303830438221097,0.07300323301702664,0.31579027737758014
0.35,500,10,1,1134,1022,407,1224,0.3143929811579536,0.08695192675948157,0.348287724314896,1024,2071,1270,0.2985670277839715,0.08460300335305229,0.3410829404559135,1022,137,1116,0.3505365963165151,0.09435283316539164,0.36501064366380503,1145,3977,1767,0.24908218223055026,0.07530724691785491,0.31590600697089183
0.35,500,10,2,1134,984,416,1181,0.30930269116652337,0.08578031065895288,0.34418789018431517,989,2048,1231,0.29302344357439364,0.08359100955957123,0.3375338454144785,1001,119,1078,0.3536413841312949,0.09581055971549522,0.36158389680339564,1114,3904,1701,0.2451520391851584,0.07500422683262846,0.31269058366384433
0.35,500,10,3,1134,998,408,1191,0.3044540494392879,0.08467861709189851,0.34395806801177364,1003,2066,1235,0.29184008413320967,0.08296104010805155,0.3388899218321912,990,138,1085,0.3323458752156552,0.09056766305266023,0.3549923825336069,1098,3908,1688,0.23915490272478565,0.07280790820031971,0.30952050820840343
0.35,500,10,4,1134,941,366,1114,0.3152458023722279,0.08768729798288864,0.346464549728849,941,1953,1171,0.29472910122242213,0.08455507841359795,0.3400448715765317,944,122,1030,0.34316628440425834,0.09425449868732479,0.35620067275926715,1041,3726,1625,0.24250986549201667,0.07406463942473492,0.3112849044919872
0.35,5000,1,0,1134,739,23,761,0.4166604145951706,0.9999999999997136,0.3597920042012303,1118,131,1186,0.36607981902973163,1.0,0.3109302205784275,1122,137,1210,0.36518580408910684,1.0,0.3085805615258437,1130,520,1299,0.3647754536379539,1.0,0.29843419044109815
0.35,5000,1,1,1134,742,21,762,0.4164952313597577,1.0,0.36842859269729406,1143,130,1208,0.3637689398833332,1.0,0.3083300568390514,1150,135,1242,0.36443170010554077,1.0,0.3059657580808432,1157,554,1346,0.36355746712154546,1.0,0.29637720903660963
0.35,5000,1,2,1134,701,9,710,0.41089958666910165,0.9999999999999585,0.3628992170611317,1116,140,1185,0.35665843024487737,1.0,0.30161679506095473,1127,147,1214,0.35677765979463527,1.0,0.29995702632381727,1136,527,1311,0.3563162513935904,1.0,0.2903840048510635
0.35,5000,1,3,1134,697,18,713,0.4132522538106635,0.9999999999999127,0.36576155679866673,1104,138,1162,0.35748392041241317,1.0,0.30342426847418624,1109,143,1185,0.3590026396771814,1.0,0.3026651038079751,1115,536,1267,0.35967012311344665,1.0,0.29480317349577073
0.35,5000,1,4,1134,658,9,667,0.41153879312823327,1.0,0.3615703047950624,1050,129,1102,0.3580895373320239,1.0,0.3008634672007937,1055,138,1131,0.3589555844229861,1.0,0.299285461981863,1064,508,1228,0.357372406006448,1.0,0.2872790257831216
0.35,5000,3,0,1134,1119,154,1218,0.34491959016286394,0.31725359630833133,0.3416105875238456,1122,213,1233,0.34164905143353386,0.31624136916595097,0.3391181586620859,1122,167,1222,0.34440000938445936,0.3189657379272077,0.3410664906896598,1126,863,1340,0.3280872909361514,0.30699592239694834,0.32748828918556744
0.35,5000,3,1,1134,1142,142,1242,0.3441598680668572,0.31816048769997224,0.34149670433021306,1152,201,1260,0.33956907056504393,0.31720998377194276,0.33793528059347033,1148,148,1243,0.34125319420567685,0.31909564425174053,0.33882682053484775,1155,867,1381,0.3248596756322961,0.30653221056730323,0.3246316046390454
0.35,5000,3,2,1134,1111,137,1194,0.3455305902515191,0.3248988108966331,0.34126348269428786,1120,196,1208,0.34205331007621476,0.32427340581210384,0.3386386792435995,1121,149,1205,0.3427234262315326,0.32470075712001284,0.33932485327646766,1129,849,1327,0.32536669151792164,0.3099338624820853,0.325715207276586
0.35,5000,3,3,1134,1096,161,1191,0.33673075061067237,0.31909497873596854,0.3343015472988193,1103,215,1202,0.3343142638169919,0.318900413628934,0.3324526000902928,1104,152,1193,0.33604405366873047,0.32079434935143397,0.33367762638303505,1111,847,1323,0.31806428444697876,0.3055050108498457,0.31823955209563576
0.35,5000,3,4,1134,1048,156,1154,0.3375804864886769,0.319919771656399,0.33457250379668024,1055,215,1163,0.3360703821098108,0.3199195991645626,0.33359725335061424,1051,148,1149,0.33738629250528535,0.3218373737957455,0.33460585766665607,1057,820,1286,0.31724658479213796,0.30529869667834103,0.31822689502467016
0.35,5000,10,0,1134,1121,282,1241,0.3392607423551741,0.09499945484901398,0.3684586385387752,1121,340,1241,0.3392507232211727,0.09499682552140656,0.3684586385387752,1113,154,1197,0.346379934085446,0.09742057946878047,0.3729062235635743,1124,1107,1411,0.3100806193816919,0.08909127347748125,0.3451119037497016
0.35,5000,10,1,1134,1146,256,1268,0.34181647703849144,0.09713124733938427,0.3702425733903067,1147,302,1269,0.3414986023008715,0.09709275701897223,0.3699567471241385,1144,152,1234,0.34645270024451613,0.09879132139854588,0.373754858031803,1148,1093,1430,0.3154384246004434,0.09124560109181755,0.34920598111878837
0.35,5000,10,2,1134,1132,262,1251,0.32892190951309147,0.09511110743696166,0.3593259641878601,1132,301,1253,0.32821243506391257,0.09505262946947982,0.35878629832647996,1124,138,1208,0.33451032565368694,0.09688498245986037,0.36396325403520835,1138,1051,1407,0.3036365976920483,0.08970180313328611,0.33829457397112156
0.35,5000,10,3,1134,1111,269,1229,0.3291960478092829,0.09392405820832207,0.3597824946789485,1111,322,1229,0.32917784565508035,0.09392083420916066,0.3597824946789485,1104,156,1198,0.3321380264895301,0.09495176934815179,0.3607904248874083,1116,1057,1382,0.3024526328414519,0.08795765171762965,0.33854669906409385
0.35,5000,10,4,1134,1049,242,1169,0.33013314011243594,0.09497207468381036,0.3592505403301875,1049,280,1169,0.3301167359835736,0.09496784696069863,0.3592505403301875,1050,150,1144,0.3327672573281118,0.09620799261293791,0.3606249485880582,1055,1025,1331,0.30062421147297014,0.08886608968495768,0.3363963637388943
0.5,500,1,0,1134,361,30,375,0.6444721916513109,0.9999999999999658,0.21164179199649372,840,420,885,0.49325780132272257,0.930528733836372,0.1740576537161956,896,191,955,0.4936756582700794,0.9219762146129123,0.17921728299168327,1040,936,1216,0.4683657396081144,0.8937644203262832,0.17301054230598045
0.5,500,1,1,1134,351,33,372,0.6388960373057471,0.9999999999999987,0.20362807227729224,817,441,865,0.4914383011383864,0.9304403744811504,0.16598264154260095,890,201,963,0.5038946364156562,0.930655895013313,0.1669077230936911,1039,994,1220,0.4452134906310263,0.8542913144064881,0.15743186716391025
0.5,500,1,2,1134,375,31,388,0.6255637171353252,0.9952030944130528,0.20354496850331869,818,417,862,0.4980005764645431,0.9338924569331003,0.17070186618382402,879,203,943,0.5095167558628997,0.9428227140545141,0.17163305021622477,1022,978,1204,0.45781072322469796,0.8829075195600584,0.1619794815611346
0.5,500,1,3,1134,329,34,346,0.6295368993393692,0.9811653789511502,0.19491641042295005,820,427,862,0.4504086570338656,0.8689695853495226,0.16137734260936967,860,193,922,0.4699155649626864,0.8887031112607887,0.16503303668150765,1023,925,1176,0.42173280150309755,0.8331223726686046,0.156472769556137
0.5,500,1,4,1134,346,29,354,0.6440787595843475,0.9999999999999978,0.20577862640126612,788,418,858,0.4552309281359006,0.8783823725810029,0.16732490801320668,841,186,906,0.48373577762102443,0.9093966335628104,0.1708854277322567,973,872,1173,0.4261466633535579,0.8375600558814901,0.1622427212328631
0.5,500,3,0,1134,937,209,1053,0.47547663673516777,0.2963106777052884,0.3269187223431932,949,929,1105,0.44976933809472186,0.28728485878671806,0.3190245161093625,1019,157,1122,0.4886852405828762,0.30864250722538805,0.32728013602915607,1114,1875,1520,0.3994087794926995,0.26448825520144104,0.3013322386126131
0.5,500,3,1,1134,943,218,1063,0.48317069775840427,0.3044496544384378,0.31886897205924186,964,947,1125,0.4498836367156248,0.29143730916135246,0.3121968512789709,1014,150,1109,0.4985688491778254,0.3155265842167757,0.3192059612203408,1137,1954,1592,0.3957368627792816,0.2638573280695209,0.29492538389309586
0.5,500,3,2,1134,942,210,1055,0.48538061776099667,0.3046349367514588,0.320498392733645,955,922,1113,0.45415316689953766,0.29316794228492665,0.31384901048862546,1015,153,1116,0.4987804009810996,0.3161202382879114,0.3240785034978448,1128,1893,1554,0.4020666333570699,0.27104605011763383,0.2979819904723388
0.5,500,3,3,1134,909,223,1033,0.47114895330748396,0.3006234467111922,0.31616929343069233,919,898,1074,0.44698706665981247,0.291164483375457,0.31154394246895567,1001,146,1114,0.4812753654705675,0.3089835850803414,0.3181740673112399,1096,1846,1520,0.39748622113363513,0.2690972385687758,0.29549686784206175
0.5,500,3,4,1134,868,203,982,0.4822100441922202,0.30683229695492564,0.31656939068103085,879,838,1031,0.44780935575141373,0.29299475915509654,0.31112110873643667,941,153,1056,0.4773407128578088,0.3080567254202909,0.3176612721449214,1042,1763,1474,0.3950934063343598,0.2677666954457753,0.29362166884736335
0.5,500,10,0,1134,1050,432,1240,0.3792595660091964,0.0746419154034265,0.4427697053577212,1050,2607,1314,0.340279062873371,0.06954537457229248,0.4271761029141557,1033,103,1106,0.4498008880657601,0.08694580595152233,0.4720941416893804,1124,5222,1884,0.25560213875557414,0.05750447703590225,0.3645438750523061
0.5,500,10,1,1134,1057,447,1262,0.3731536188902394,0.07494919922181167,0.4345481631374849,1058,2689,1348,0.3328159327288829,0.0696484012709672,0.41604680909122177,1047,121,1124,0.44334430104522926,0.08691373761583218,0.4699992618771886,1152,5230,1955,0.25473194468644245,0.05819625196887493,0.3658149500493899
0.5,500,10,2,1134,1052,440,1269,0.3670525884922742,0.07405821523554686,0.42982725439761615,1052,2739,1346,0.3325839606773289,0.06965156564448598,0.4134867258843881,1030,115,1108,0.4430729661411241,0.08715400394136052,0.46808028246480027,1131,5217,1915,0.2570732783082205,0.05865324326064547,0.3640008941167345
0.5,500,10,3,1134,1031,424,1228,0.3698154277172092,0.07346437050945907,0.4236731725103771,1033,2602,1310,0.3317159090871513,0.06860585245133675,0.4079620490431813,1013,95,1072,0.45563658063209195,0.08770363243885432,0.4651839689006461,1113,5148,1844,0.26305815396196175,0.059640368829248974,0.36306382384764835
0.5,500,10,4,1134,996,390,1161,0.39081610383308163,0.07751616999392584,0.44873945602431264,997,2487,1225,0.354683444846155,0.07278839867529437,0.42896482930152446,974,105,1043,0.45316945767804456,0.08796096482116181,0.4732109388123243,1063,4993,1776,0.26366298858390547,0.05968272738713333,0.36485344460361246
0.5,5000,1,0,1134,1107,44,1144,0.4780171345889969,0.9134697389539013,0.4409603123278141,1128,140,1199,0.4619242046230418,0.8961889154829091,0.4253097374433381,1128,142,1226,0.4557326569593578,0.8859135938670964,0.4199967314415572,1131,611,1365,0.42165446993756217,0.830997912731598,0.38999247840140294
0.5,5000,1,1,1134,1117,48,1162,0.47785650632163645,0.9178752315613784,0.4411212350176208,1150,149,1222,0.46055176444037615,0.9016604272148443,0.42519182407848505,1153,136,1247,0.4567600755360947,0.894307224011789,0.42052543430066164,1158,632,1396,0.42768260624383453,0.842018082378097,0.3941183401873519
0.5,5000,1,2,1134,1099,45,1140,0.46635288682317605,0.906669299606041,0.43138229566525155,1133,138,1208,0.4501024749263243,0.8925882713782733,0.41624602981252007,1135,129,1225,0.44839558236732324,0.8902981171550695,0.4137420156609581,1141,620,1369,0.4186526225094227,0.8366007352139956,0.38908841866454524
0.5,5000,1,3,1134,1084,37,1114,0.47363967272547775,0.9203032623808995,0.43596644258808526,1118,138,1186,0.45050213537762535,0.8959475638839459,0.41551432451011533,1122,132,1209,0.44938567165749416,0.8934286811177959,0.4137267229612897,1123,603,1344,0.4168832574920127,0.8379746756431097,0.38495224021381047
0.5,5000,1,4,1134,1035,32,1065,0.4825473798912778,0.9250843375918786,0.4429431209147629,1064,127,1128,0.463246760856417,0.9076744092919676,0.4249200797299263,1066,132,1156,0.45900553329817845,0.9021240787189495,0.41928624242696566,1067,568,1292,0.4245851662500276,0.8439508076414316,0.3910654415296644
0.5,5000,3,0,1134,1131,156,1224,0.4712085475388564,0.31068526302006,0.4677198300825441,1131,212,1224,0.471063688462765,0.31058913294891877,0.46812346341704236,1130,140,1215,0.47285731234552647,0.3123083487106438,0.4676355720057294,1134,976,1398,0.4204174331774627,0.28451908031672657,0.423513648867425
0.5,5000,3,1,1134,1155,165,1261,0.46258842400894284,0.30907765916194035,0.45847432371806995,1155,237,1265,0.46063117263878756,0.3082895049920786,0.45671869394314035,1154,142,1248,0.4640762224461437,0.3116755171501666,0.45949195212847316,1160,998,1429,0.4177699359062885,0.28433642615327087,0.4200901096115025
0.5,5000,3,2,1134,1132,165,1231,0.4585061457999479,0.3059893947041085,0.453401361205562,1132,224,1235,0.4560591002582107,0.3049469621056398,0.45135918101486966,1129,140,1212,0.46370001058737137,0.311632055630306,0.45808942440692607,1139,981,1411,0.4091941346857333,0.2805379078284643,0.41077198237709733
0.5,5000,3,3,1134,1114,139,1194,0.4623917236076628,0.3117119400959996,0.4544260670252863,1114,206,1200,0.45879511347300694,0.3104115304613499,0.4514220163182358,1113,122,1183,0.4664642425435699,0.31565272335296063,0.457436838720189,1117,964,1379,0.40674246687781507,0.28042275923537546,0.4077469464967046
0.5,5000,3,4,1134,1058,142,1151,0.46018390571203777,0.3095070903298075,0.4542833328415018,1058,205,1157,0.45672328112700855,0.3083502317915003,0.4513312282089885,1058,141,1143,0.4618862801681949,0.31261307784560777,0.4555350425622257,1060,942,1340,0.4076299285317339,0.2797474448904673,0.4108841620690332
0.5,5000,10,0,1134,1120,293,1250,0.4427384728615734,0.08865957590889167,0.4796631867831424,1120,379,1251,0.44194099814350674,0.0885640481745697,0.47905386350455614,1114,146,1200,0.45702438095628456,0.09189672578146255,0.4909782970804939,1125,1270,1455,0.3809488510083319,0.0789473930004144,0.4257481730655926
0.5,5000,10,1,1134,1151,287,1280,0.4513424352205464,0.09186916277211177,0.48609352336896816,1151,372,1280,0.4513231995499589,0.09186491200402179,0.48609352336896816,1144,144,1232,0.4637337983680515,0.09470465130167037,0.49483010016128154,1153,1318,1508,0.3858466719695802,0.08079655441232013,0.4318948213938132
0.5,5000,10,2,1134,1137,292,1270,0.4426177266386769,0.09041918458912032,0.4748190308969042,1137,381,1271,0.4419329011129719,0.09033577292342027,0.4742387489333279,1134,136,1223,0.4514554104036488,0.09246849540707008,0.4828065587774034,1138,1274,1487,0.37809286589916785,0.07984664867055434,0.424857487245532
0.5,5000,10,3,1134,1111,263,1240,0.43843343352876774,0.0890483124338378,0.4728292745405078,1111,354,1241,0.43762428464347325,0.08895056406404349,0.4728292745405078,1100,130,1180,0.4526693735543293,0.0923390654513316,0.48739134904933823,1117,1282,1470,0.3726915682104412,0.07899875888478279,0.41824589765853937
0.5,5000,10,4,1134,1062,283,1197,0.43657557575894224,0.08932470247567188,0.47114584876394466,1062,370,1200,0.43448878140534264,0.0890645437419995,0.46935394776382294,1054,120,1126,0.46081673136985124,0.0939842725647706,0.4896748292254848,1062,1214,1421,0.36929946991485585,0.07873707265879597,0.4141394554084663
0.7,500,1,0,1134,709,75,756,0.7223915383210082,0.9472155141634155,0.24168689500306909,863,486,979,0.623331899638934,0.870536538960587,0.22456753715016034,980,170,1086,0.6521396277554081,0.8952750530524628,0.2300304472216258,1095,1058,1408,0.5674748161814359,0.7998773467530251,0.21863098170288886
0.7,500,1,1,1134,757,79,820,0.7350086497709722,0.9504298193877935,0.24454095422512828,915,511,1038,0.6503992128288133,0.8920957336120949,0.22891257231287007,1018,179,1131,0.6839190293920401,0.9261788247266283,0.2314534107038053,1128,1088,1445,0.5775820080190754,0.8081825427827019,0.2190909460014955
0.7,500,1,2,1134,736,86,799,0.7520431417184306,0.9846273635397612,0.2391860918647488,901,441,1013,0.6550382351239161,0.9073050214920021,0.2249289346275217,991,192,1106,0.6612736368411783,0.9023729860598849,0.22511578606918972,1091,1046,1396,0.5735711961052382,0.8084085695474525,0.2151432658763897
0.7,500,1,3,1134,727,70,775,0.7530123014702116,0.9878385481270078,0.24663834490303424,865,446,980,0.6604265316921871,0.9175606259148601,0.23085844666478564,983,183,1100,0.681225349313832,0.9368139329370205,0.23056244029703596,1096,1056,1419,0.6076746180846915,0.8572706367418881,0.2202916890402186
0.7,500,1,4,1134,711,63,755,0.7662977789270558,0.9999999999998725,0.23781514758971925,838,423,935,0.6755933611267353,0.9302015867487198,0.22775292644006587,941,160,1050,0.6973995173588786,0.9460970700184411,0.2246909637865731,1037,1005,1347,0.6071148945013106,0.8466994861190397,0.21425657183436772
0.7,500,3,0,1134,966,263,1097,0.5900157023291285,0.27686914350801756,0.4151568535246881,969,1253,1145,0.5420080766811708,0.26022921725610465,0.40408390748538736,1027,153,1133,0.6162098814099494,0.28897527988903693,0.4196992599648565,1136,2510,1639,0.4434652872751351,0.22223502655398603,0.3682610142211525
0.7,500,3,1,1134,1003,272,1148,0.5772217783785307,0.2704792370104476,0.40680584607586,1008,1249,1204,0.5289079230418726,0.254506593704157,0.394714457857951,1049,147,1152,0.6089683177327313,0.2868627860742017,0.4143335349024889,1152,2569,1705,0.44683915181248135,0.22436230125789378,0.3661297662395725
0.7,500,3,2,1134,980,256,1125,0.5734017171223044,0.2669114922647083,0.4028552692789175,986,1244,1172,0.5326192190262529,0.2532592694963722,0.39571431611664787,1039,124,1124,0.6253046705323888,0.29212261656909216,0.4197696529459945,1130,2500,1656,0.4489529730013559,0.2239346103774264,0.3635193220928854
0.7,500,3,3,1134,969,222,1089,0.600610433858846,0.28160435906977066,0.41321048126374277,973,1231,1140,0.5420481639454398,0.26114524370566433,0.4024323064776925,1034,136,1131,0.6184144323019757,0.2920763498442862,0.41539721270734453,1117,2528,1656,0.4345623125552107,0.22265409500490888,0.35996943158571265
0.7,500,3,4,1134,919,219,1039,0.5965614698172568,0.2763749663587596,0.41410135074460935,919,1214,1072,0.5523086054802699,0.26053913649155536,0.4053653864038205,987,120,1069,0.6475488696168457,0.3003499235660133,0.42788574477811936,1065,2473,1543,0.45919438786572486,0.2280438707124589,0.37212682259923313
0.7,500,10,0,1134,1083,532,1309,0.39856749374748074,0.05890503218440242,0.4942153592434805,1083,3189,1400,0.34367959280086774,0.05305399107205684,0.4676306324464563,1049,94,1099,0.5887095377043708,0.08266737360402669,0.5843425860517759,1139,6463,2085,0.23991203526757512,0.04230777899174137,0.3864453170431878
0.7,500,10,1,1134,1110,513,1327,0.40123838670077694,0.05927015989087053,0.5050000998585714,1111,3229,1405,0.3546564240758318,0.0542982137528125,0.4817502971438828,1067,84,1121,0.5721516319353017,0.08074755601954235,0.5927159861263178,1160,6531,2102,0.24575435792850334,0.04301733917864848,0.3877384806651404
0.7,500,10,2,1134,1080,467,1287,0.40652711836895694,0.060099286511701835,0.5030945716813289,1080,3189,1379,0.35051933149080183,0.054183151199452766,0.47721843132733305,1042,92,1093,0.5886892989610496,0.08305559511596294,0.596697073535077,1135,6492,2066,0.24290426094992926,0.042528357112898645,0.38783937405272895
0.7,500,10,3,1134,1079,484,1297,0.398245047406159,0.05910668196929879,0.4981598834422746,1079,3178,1384,0.3474331264888532,0.053687000141872415,0.4720851562177597,1041,86,1101,0.5464306162051213,0.07752175654194621,0.5792601475630716,1124,6341,2064,0.23962460433893507,0.04258812456414381,0.38437984456031915
0.7,500,10,4,1134,1024,492,1246,0.39757337918367447,0.058778865586837294,0.5099193877868111,1025,3109,1347,0.3369971987149356,0.05227347949877271,0.4734668503541205,984,94,1036,0.5691475129793073,0.08019656556257947,0.5964002833580602,1062,6327,2013,0.23385891736369294,0.041551983485618234,0.3852845610471524
0.7,5000,1,0,1134,1140,44,1175,0.6229642287285189,0.8793629547222711,0.5731639489812863,1141,124,1204,0.5991464696933271,0.8552454826990377,0.5499863729415144,1140,113,1223,0.596641750323788,0.8550853833980087,0.5426414912458173,1144,645,1413,0.5043580504512937,0.7416808994373091,0.4658433527516214
0.7,5000,1,1,1134,1163,45,1201,0.6230327687863221,0.8794497674321141,0.5824671803607712,1163,126,1225,0.6074830673245851,0.8642214344165644,0.5638581344957082,1164,114,1239,0.6030061766473198,0.859269397065357,0.5556731283081475,1165,655,1443,0.5199210035182734,0.7592204136074452,0.4779828817712722
0.7,5000,1,2,1134,1142,42,1176,0.624273465925561,0.89056589379802,0.5828041277822297,1142,130,1212,0.5981223209606594,0.8649232204944581,0.5576716233803829,1141,122,1228,0.5956793988097981,0.8618391968730011,0.551365182040078,1146,646,1416,0.5156420502135256,0.7589169622135001,0.4794670328392866
0.7,5000,1,3,1134,1125,53,1167,0.6342726327268934,0.9037194767486418,0.5730296493767608,1125,139,1196,0.6110359162418679,0.8808002124104444,0.5503824126904775,1125,119,1196,0.6137626755629504,0.8831424237072818,0.5539760485721004,1127,647,1399,0.5179360842718927,0.7668113495898226,0.4728755932401669
0.7,5000,1,4,1134,1072,53,1112,0.624614878995046,0.8785386666403683,0.578043880538147,1072,123,1131,0.6062920909489771,0.8606568458207933,0.5577800630192411,1072,106,1148,0.6063553516093627,0.8613733869793332,0.5559647683993566,1075,617,1345,0.5085713806008976,0.742694474340526,0.46838313711587004
0.7,5000,3,0,1134,1132,177,1220,0.5907025337034256,0.28560602658557294,0.5836753146658739,1132,246,1225,0.5842338456769247,0.2832979216528451,0.5794621814014829,1129,124,1200,0.6022081184360033,0.2919078103046595,0.5906032870060897,1134,1108,1449,0.4745362058721925,0.23924273903288373,0.4794970527391751
0.7,5000,3,1,1134,1165,143,1252,0.589733887819316,0.2872736222493884,0.5775475193118943,1165,216,1255,0.585969551485104,0.28592074469468054,0.5742062267154546,1159,108,1220,0.6081060242197914,0.29607929539113564,0.5940701083931856,1168,1143,1505,0.47545315805523114,0.2414697657441079,0.4765476847935951
0.7,5000,3,2,1134,1134,142,1219,0.5956322013626396,0.28927393812382846,0.5888429057928728,1134,211,1222,0.591410087817371,0.2876851369115327,0.5864484874564375,1130,103,1188,0.6194630887685996,0.3010769048931431,0.6088929411944214,1136,1124,1467,0.4757343987713559,0.23991815012260612,0.48114549208966934
0.7,5000,3,3,1134,1123,161,1213,0.5963057631863339,0.29090551616493715,0.5839613830094847,1123,232,1215,0.5933868792911422,0.28972029174774305,0.5812939775478067,1121,100,1181,0.6195915005439865,0.3024315196571303,0.6006889300517774,1125,1120,1437,0.48083502882805196,0.24371297324559457,0.48120157200224284
0.7,5000,3,4,1134,1076,125,1142,0.6088139201797738,0.2939248779471684,0.5923772758857636,1076,192,1148,0.5990083655453764,0.2901225913375134,0.5857380154918639,1068,96,1118,0.6224368730141544,0.30321832796969,0.6029878023314958,1076,1091,1382,0.4748808404952735,0.23961855914895064,0.479799331160199
0.7,5000,10,0,1134,1133,282,1230,0.556643560626404,0.0813450443647109,0.5904240113226655,1133,441,1231,0.5548396137074609,0.08113762669206662,0.5890316923496556,1121,97,1173,0.5984954084425655,0.08764096476120149,0.6225394537392437,1137,1548,1530,0.41088139956808806,0.06406924218623071,0.46865551713531123
0.7,5000,10,1,1134,1159,310,1273,0.5428471980067787,0.08059815855062595,0.5745075720901728,1159,453,1275,0.5412920414725853,0.0804485652623889,0.5734032211015907,1151,109,1211,0.5879226794400896,0.08675966276907825,0.6108469906635849,1164,1594,1581,0.41060883252405694,0.06462024333260619,0.46315926953287967
0.7,5000,10,2,1134,1136,299,1269,0.530158277206387,0.07868137075756011,0.5716728144546407,1136,466,1274,0.5233499776619108,0.07792721728206718,0.5673538207606779,1127,118,1190,0.5898293596483554,0.08674620799930818,0.6130813275178207,1139,1523,1547,0.4111721695095455,0.06420016967730421,0.46553613943496575
0.7,5000,10,3,1134,1124,284,1231,0.5552457559071081,0.08210991904742154,0.5988282164819242,1124,447,1231,0.5552162589601662,0.08210514828929015,0.5988282164819242,1118,95,1175,0.5875760628097606,0.08660079809137643,0.6253952057214448,1127,1576,1533,0.4110990172782658,0.06497392503917103,0.46832785781270553
0.7,5000,10,4,1134,1063,292,1183,0.5448870472505732,0.0808302816323854,0.5773367604593401,1063,457,1186,0.5401747041627103,0.08028208607857541,0.5747358046831998,1058,115,1118,0.5872406186164888,0.08645154027367753,0.612642922743155,1066,1496,1466,0.4096484113708977,0.0639720270832606,0.46278779320267505
