efficiency,photons,blinks,replicate,pores_total,adaptive found,adaptive junk,adaptive counting,adaptive fitted,adaptive le,adaptive p,adaptive k>=5 fitted,adaptive k>=5 le,adaptive k>=5 p,adaptive k>=6 fitted,adaptive k>=6 le,adaptive k>=6 p,none found,none junk,none counting,none fitted,none le,none p,none k>=5 fitted,none k>=5 le,none k>=5 p,none k>=6 fitted,none k>=6 le,none k>=6 p
0.35,500,1,0,1134,746,104,0.12866989581411295,617,0.361928373506566,1.0,326,0.3544935583975373,1.0,108,0.3480474259326757,1.0,885,243,0.12605404637528694,674,0.35428033919421076,0.9999999999999514,342,0.352572696918045,1.0,110,0.3461151058664396,1.0
0.35,500,1,1,1134,728,91,0.12304495872368582,603,0.3583980102463898,1.0,291,0.3583019272229025,1.0,96,0.35821741536223556,1.0,896,277,0.11873642016686423,663,0.351328660263248,1.0,310,0.3545914435526974,1.0,98,0.3542254097162914,1.0
0.35,500,1,2,1134,723,106,0.12283184393235387,580,0.36048787627375695,1.0,297,0.3537183392909354,1.0,90,0.3493009706062718,1.0,887,253,0.11845766210649818,641,0.35617727690778983,1.0,316,0.35165615111227533,1.0,93,0.34993635754499525,1.0
0.35,500,1,3,1134,733,94,0.12454632341112627,594,0.3678136754945108,1.0,299,0.36759263996073016,1.0,92,0.3644299664326425,1.0,884,242,0.12411039737457225,655,0.36837473290007444,1.0,325,0.3676106258711594,1.0,103,0.36062640014739294,1.0
0.35,500,1,4,1134,675,84,0.13026675821888636,534,0.3663437831917855,1.0,275,0.37303605543435553,1.0,104,0.37176765481742335,1.0,849,211,0.12823824151549626,606,0.36056768479820517,0.9999999999999896,302,0.37110772293172506,1.0,113,0.3658238466279325,1.0
0.35,500,3,0,1134,1001,38,0.24695160522663673,989,0.3837442827627094,0.3360950756363501,870,0.36501143657913987,0.3261592655746633,603,0.34844327316727985,0.31965808753332603,1076,198,0.23949423666077257,1092,0.37045038320912105,0.33095798690184886,946,0.3537478987020012,0.32276286745055394,635,0.3442861595241874,0.3184762735119645
0.35,500,3,1,1134,1022,55,0.2396491446054537,1016,0.3807379519505679,0.34593714833779565,859,0.3810602335884495,0.34517025914219635,606,0.35341323234115396,0.3286910449179863,1097,188,0.235014070551396,1110,0.3707983169043136,0.34244799659210146,925,0.3727257761605932,0.34284528452865554,642,0.3460505505370636,0.32765338347287976
0.35,500,3,2,1134,1016,30,0.24992650843523395,1001,0.4057683315575697,0.353425142729911,883,0.3946455148600588,0.34841660253773127,643,0.36073793802886805,0.32941977225196223,1094,181,0.24427399392531232,1110,0.3908948856578845,0.3489844256482337,957,0.3857561431877751,0.3463579048940221,684,0.3556073240948886,0.3287870673926593
0.35,500,3,3,1134,987,33,0.24586085413919342,974,0.39458507788842995,0.35055178953291755,821,0.40351208971036934,0.3550090632601357,595,0.38969496000328996,0.35082952812023954,1054,195,0.24099077409991965,1069,0.38011967525286694,0.3453267280175366,881,0.39534472128292786,0.35313464267500194,628,0.38735994152410436,0.3506514963458334
0.35,500,3,4,1134,910,27,0.24232709195576274,897,0.40045905016956207,0.35679382702396834,787,0.3854158446005994,0.34902158016066626,546,0.3815710925853913,0.34765829832240763,1003,172,0.23881688260667577,997,0.38793284709799897,0.3527485940355208,858,0.3785378247844651,0.34713216726754365,586,0.3796464265006584,0.3481998278822881
0.35,500,10,0,1134,1101,20,0.36806235290855055,1108,0.35622824177475776,0.09455189181271656,1077,0.35866250215614637,0.09488967364041884,988,0.36037326360439037,0.09542747385681595,1124,985,0.35559926759080424,1199,0.3274127674229995,0.09010095411679171,1113,0.3515679750506752,0.09411086158469066,1011,0.35549911900253284,0.09511886583812035
0.35,500,10,1,1134,1131,14,0.35481783911323583,1140,0.34758186343660613,0.09524455152643749,1112,0.34446731782755247,0.09486952573718282,1016,0.3362628603454694,0.09412645677327611,1157,953,0.3422044484623025,1233,0.32165724963390924,0.09098255221013,1163,0.3332727629593264,0.09325243082316549,1039,0.3335924133581102,0.09375105358107153
0.35,500,10,2,1134,1098,13,0.367888298795495,1109,0.3579848864326777,0.09418532079847525,1080,0.35923757195678635,0.09440045193015266,998,0.35502563744709503,0.09383989000081648,1126,989,0.35309113989060986,1222,0.3271371448502043,0.08948245422953803,1136,0.3519044344226129,0.09393599749152769,1038,0.3503776230917007,0.09372173882294672
0.35,500,10,3,1134,1084,17,0.365363318064977,1099,0.3608022367752355,0.0964237295136094,1074,0.3595767293407389,0.09625409645225659,984,0.35990950337256744,0.09666462222318234,1119,953,0.3512870986420623,1216,0.330036123830905,0.09185252399036635,1138,0.3496605570787706,0.09551439785442312,1030,0.3525177370996585,0.09619768334443281
0.35,500,10,4,1134,1024,13,0.36360347924438924,1030,0.35479080863591056,0.0966956817537574,997,0.3584467227691543,0.0973332559305522,918,0.3544568217748384,0.09715993695214986,1055,869,0.3468025745317542,1146,0.32219771530158436,0.09113460118235953,1066,0.3426062313679661,0.0950776646299964,955,0.34764772914287095,0.09640516006659122
0.35,5000,1,0,1134,1140,1,0.3164787725009607,1126,0.3555355287842095,1.0,1057,0.3562771114564912,1.0,856,0.3578064165498247,1.0,1142,5,0.3164787725009607,1126,0.35553556317299495,1.0,1057,0.35627717284038496,1.0,856,0.35780651831128174,1.0
0.35,5000,1,1,1134,1165,1,0.3084168749617147,1158,0.3485801813425029,1.0,1084,0.34735932134424125,1.0,876,0.34575156550108616,1.0,1168,4,0.3081848623893843,1160,0.3483891456589896,1.0,1085,0.34722027550925644,1.0,877,0.3455277883968984,1.0
0.35,5000,1,2,1134,1143,2,0.3115643772773097,1135,0.3533361938581702,1.0,1074,0.35262602407180377,1.0,868,0.35180251292361836,1.0,1147,3,0.31132036849612754,1137,0.35319426655660763,1.0,1075,0.35262473086799445,1.0,869,0.35177539745429554,1.0
0.35,5000,1,3,1134,1134,0,0.3098431237710388,1121,0.355075075782936,1.0,1051,0.35557952880416505,1.0,859,0.3558885280907571,1.0,1136,1,0.30962402555647317,1122,0.3549555734856602,1.0,1051,0.35557972550468314,1.0,859,0.35588885657229685,1.0
0.35,5000,1,4,1134,1072,1,0.30840140287424617,1062,0.35202519421253153,1.0,992,0.3533199473114386,1.0,791,0.3555302970463648,1.0,1074,2,0.30840140287424617,1062,0.35202537243222826,1.0,992,0.35332026361809016,1.0,791,0.35553080989995195,1.0
0.35,5000,3,0,1134,1145,0,0.3432795286581716,1138,0.34862775419988107,0.328113718830371,1100,0.34694542816509494,0.3268176062483243,939,0.3533518090923465,0.3330072958399919,1148,0,0.34301330170500094,1139,0.3483244921813082,0.32803209523785576,1100,0.3469461816338674,0.3268186311834737,939,0.35334230796275284,0.3329983018271638
0.35,5000,3,1,1134,1171,1,0.3396048416291532,1162,0.3461998261154272,0.3385510833828381,1112,0.34798185892945077,0.3401641964978399,960,0.349326806504445,0.33965009614141534,1173,2,0.3391974455833106,1164,0.34578787406738054,0.3383095721951623,1113,0.347768247901159,0.34003886601406275,960,0.34932983439360377,0.33965029861598023
0.35,5000,3,2,1134,1150,0,0.3462241745912211,1147,0.3522924490611989,0.33295195241289993,1106,0.35259658314904857,0.33311722298376234,965,0.35285313846937794,0.33393505267038487,1151,1,0.3462241745912211,1147,0.3522924490611989,0.33295195241289993,1106,0.35259658314904857,0.33311722298376234,965,0.35285313846937794,0.33393505267038487
0.35,5000,3,3,1134,1135,0,0.3478753276534701,1133,0.354398415276555,0.3390333475742009,1091,0.35572805703844707,0.3403172862030491,960,0.3537937555470924,0.33910856660432037,1136,1,0.3478753276534701,1133,0.354398415276555,0.3390333475742009,1091,0.35572805703844707,0.3403172862030491,960,0.353784933190161,0.3391031964953171
0.35,5000,3,4,1134,1077,0,0.3420979178469129,1063,0.3487891365763446,0.33740853873844345,1017,0.3511159669839643,0.33871074913984645,880,0.35447580141255386,0.34029024052629164,1078,2,0.3420979178469129,1063,0.3487891365763446,0.33740853873844345,1017,0.3511159669839643,0.33871074913984645,880,0.35447580141255386,0.34029024052629164
0.35,5000,10,0,1134,1146,0,0.3733060843824335,1138,0.3478661000433758,0.09899291892001712,1121,0.34383887436948785,0.09825431002174251,1011,0.34652717341536865,0.09876614498939884,1148,2,0.37333189444139314,1139,0.34789326154454947,0.0990284219001814,1122,0.34386266341035854,0.09829167999294545,1012,0.34650948124214864,0.09879980018899143
0.35,5000,10,1,1134,1174,0,0.36637415351002517,1170,0.34225815662604314,0.10015351479092598,1139,0.34237719664080074,0.10035012214611458,1017,0.34730593004111665,0.10148399195016052,1175,1,0.36637415351002517,1170,0.3422532148528285,0.10015365228623284,1139,0.3423724449719998,0.10034888693902032,1017,0.34730123885862313,0.1014819287048282
0.35,5000,10,2,1134,1151,0,0.37423283009544145,1148,0.3488171200136874,0.09848151300780467,1122,0.34906098127013846,0.09880514789173998,1040,0.340098636065858,0.09707068694453883,1152,2,0.37423283009544145,1148,0.3488171200136874,0.09848151300780467,1122,0.3490557281398915,0.09880419138600857,1040,0.34010625472920686,0.09707181947900004
0.35,5000,10,3,1134,1136,1,0.3746104584318882,1134,0.3518952613566558,0.10078308324644071,1109,0.3520597757401198,0.10085711991394858,1012,0.35310200076118264,0.10086569481331407,1136,2,0.3746104584318882,1134,0.3518952613566558,0.10078308324644071,1109,0.3520597757401198,0.10085711991394858,1012,0.35310200076118264,0.10086569481331407
0.35,5000,10,4,1134,1076,0,0.3644806808529135,1069,0.3397482836043772,0.099380805772493,1030,0.3445236294293069,0.10040995642843416,937,0.3417175629612594,0.10016122125653361,1078,3,0.3639510997519891,1071,0.3391030370801613,0.09928058089279694,1031,0.34414706072416223,0.10039162429650597,937,0.3417175629612594,0.10016122125653361
0.5,500,1,0,1134,938,58,0.17115265025932308,882,0.5166024214188161,0.9968280964967527,612,0.5181810379057749,0.9945885029068953,314,0.4951013502998692,0.9528171394870837,1031,170,0.1682875794676608,969,0.5050268023625203,0.9890945379293254,658,0.5082237858812019,0.987769957803272,329,0.49248608296328245,0.95263997791607
0.5,500,1,1,1134,959,63,0.17720645533008167,922,0.5215298531858247,0.9999999999999514,640,0.5143570243277229,0.9999999999999765,311,0.5029267619443032,0.9999999999999496,1064,174,0.1750187844398748,1010,0.5146768473806833,0.999999999999946,688,0.5100485874972205,0.999999999999976,330,0.4994071274450069,0.9999999999999514
0.5,500,1,2,1134,927,73,0.17740454682705223,875,0.5161087932715898,0.9999999999999942,625,0.505968055146957,0.9999999999998619,303,0.49268784917981606,0.9886948385680007,1024,188,0.17412467157483588,968,0.5106541943073961,0.9999999999999876,677,0.49595550640897273,0.9915628374906307,315,0.4856296939011597,0.9845175497805527
0.5,500,1,3,1134,917,58,0.17848899651048494,859,0.5214528627585748,0.9999999999999987,619,0.5183318410582939,0.9999999999999678,301,0.5135920192449622,0.9999999999999765,1021,180,0.1729838213825461,955,0.5157582537266161,0.9999999999999929,667,0.5152503492845901,0.9993878799292373,312,0.500499284396917,0.9847246289723502
0.5,500,1,4,1134,852,66,0.17957321703680246,807,0.5185881642213069,0.9972970217994325,581,0.5077383805554536,0.9779261136957574,293,0.49059736414163896,0.9424160903100305,949,186,0.17397762574790673,897,0.5106914864284262,0.9922738880066174,626,0.5021138310377603,0.975249617444777,304,0.4941619949773901,0.9487235121910179
0.5,500,3,0,1134,1083,11,0.3372815874238887,1082,0.5420920257006552,0.33827824998428474,1046,0.5452101899219695,0.3398543907889154,922,0.5505438624599016,0.34269694650447763,1124,220,0.32840396738741845,1176,0.5172268744591467,0.3295016742725273,1122,0.5273152080578609,0.3341398839357491,973,0.5384552722917922,0.33893677156405394
0.5,500,3,1,1134,1091,17,0.32849360489090784,1102,0.5322702463281267,0.33829551037566563,1064,0.5344497600918002,0.3392427427076133,950,0.519293540063229,0.33182579296008574,1155,222,0.3197287696913584,1227,0.5076873880558377,0.3310240751831264,1168,0.5160343412648599,0.3344767761741336,1029,0.5037938970019246,0.32834127057676765
0.5,500,3,2,1134,1097,15,0.3309671263112364,1104,0.5226235815320448,0.32693564779531037,1076,0.5145575175377309,0.32345382314622995,947,0.514191749012487,0.32223521542074696,1132,207,0.32724248248549054,1179,0.5087660771560387,0.32309044831648925,1137,0.5079435640578802,0.3226679196463681,998,0.5073333939848055,0.32115133763946835
0.5,500,3,3,1134,1074,16,0.33137430525256684,1087,0.5296110980340215,0.337618163639624,1061,0.5229803363669071,0.3342509884075161,937,0.5110579385398601,0.3288055778847894,1125,194,0.32455156180178596,1193,0.5111076676155747,0.3327525391601963,1149,0.5123885432407206,0.3327141551826561,1002,0.5052986476626758,0.32890369370595574
0.5,500,3,4,1134,1042,13,0.32766344473477654,1051,0.5430242983652463,0.3501214447658717,1016,0.541597501162726,0.35000051682245503,899,0.532615565463558,0.3459652327067741,1071,163,0.32287606332467744,1122,0.5248646900556616,0.34344769154897087,1075,0.5316924240407029,0.34695338516169855,945,0.5233906148995348,0.34298577238876227
0.5,500,10,0,1134,1136,22,0.49090025628959943,1147,0.5055003970891377,0.09624583424610274,1140,0.5128243373907201,0.09747550956268046,1131,0.5110851203883755,0.09726468302600448,1144,1663,0.4535366318661676,1259,0.41801715247678745,0.08317505923383951,1177,0.4920524374766997,0.09435946802437443,1152,0.5034157198210945,0.09622038191836614
0.5,500,10,1,1134,1165,22,0.48618479543244636,1182,0.49416569611518313,0.09493441766358,1174,0.501587731466905,0.0960826559463711,1154,0.5097210441989054,0.09740823346675534,1173,1757,0.4445548193071705,1311,0.40324994343151893,0.08166951982274409,1218,0.47720618184129526,0.09273983661059987,1177,0.5005580181564144,0.09638913879512405
0.5,500,10,2,1134,1143,8,0.4872289131433772,1149,0.5018248448677598,0.09509390736869791,1146,0.5037752474680958,0.09543622608990607,1134,0.5038361403763179,0.09545824609019794,1150,1634,0.44761733645687707,1255,0.4154897502225684,0.08236237817457241,1176,0.485983275015818,0.09308786027929535,1151,0.4961567151506896,0.09455076185609572
0.5,500,10,3,1134,1124,10,0.4885730638703493,1132,0.49985308652607696,0.09588991958768205,1126,0.50624271502765,0.09699059452714329,1111,0.5104506105798706,0.09767830117924735,1134,1565,0.454826943574201,1237,0.42063253369604603,0.08434799771925977,1172,0.48036948166053967,0.09343794100727516,1134,0.5026461165849702,0.09675940352360743
0.5,500,10,4,1134,1065,16,0.47751889266671044,1075,0.4830564022037168,0.09377168517251742,1068,0.4896208638099157,0.09488634410327008,1054,0.4897357339186026,0.09495909760428928,1075,1473,0.4377287057240167,1186,0.4046813869482778,0.08230966121729633,1115,0.463889313244801,0.09131642587144291,1079,0.4796419014156473,0.09376978468458122
0.5,5000,1,0,1134,1146,1,0.4442276007936585,1146,0.49546737201272273,0.9879682282064247,1138,0.4970806531268743,0.989625069735503,1116,0.4933486526262153,0.9868145381538741,1147,1,0.4442276007936585,1146,0.4954672524311356,0.987967915874972,1138,0.4970804456647007,0.9896251463548309,1116,0.4933492262113606,0.9868151539020095
0.5,5000,1,1,1134,1174,0,0.43615720309742795,1174,0.49341157663647967,0.9883435281354314,1171,0.49246358637526094,0.9872424907974844,1131,0.49294748786892284,0.9884197374519902,1175,0,0.43582849131075246,1175,0.4931089965174932,0.9880266695747855,1172,0.49214556706144746,0.9869054201630744,1131,0.49294796765238746,0.988420665051128
0.5,5000,1,2,1134,1152,0,0.4394358364056112,1152,0.49443535647943293,0.994336186753427,1147,0.49465497468666025,0.9945552234063336,1121,0.4916249558216524,0.9910072406022944,1153,0,0.43955837509553886,1153,0.49444667612047316,0.9944801502551032,1148,0.4946641956931739,0.994696689619988,1122,0.49162965174937673,0.9911475355514271
0.5,5000,1,3,1134,1137,0,0.4388342450934915,1137,0.49635189644476996,0.9918817324974788,1133,0.4960536315002475,0.9913983592213376,1108,0.49154283811296284,0.9858421705441583,1137,0,0.4388342450934915,1137,0.49635189644476996,0.9918817324974788,1133,0.4960536315002475,0.9913983592213376,1108,0.49154283811296284,0.9858421705441583
0.5,5000,1,4,1134,1081,0,0.43960801421462153,1081,0.4923367109729297,0.9887277977211114,1079,0.4909791294564077,0.9871992770694111,1053,0.4876457727310467,0.982782062247631,1081,0,0.43960801421462153,1081,0.4923367109729297,0.9887277977211114,1079,0.4909791294564077,0.9871992770694111,1053,0.4876457727310467,0.982782062247631
0.5,5000,3,0,1134,1148,0,0.48999495812748417,1148,0.5020625153299825,0.33637873452738476,1147,0.5018122526398853,0.33626715170339305,1131,0.5031149099740787,0.33736296188893206,1148,0,0.48999495812748417,1148,0.5020625153299825,0.33637873452738476,1147,0.5018122526398853,0.33626715170339305,1131,0.5031149099740787,0.33736296188893206
0.5,5000,3,1,1134,1174,1,0.4801497878681653,1175,0.49119900744357425,0.3337515401216834,1174,0.4906228253008374,0.33347326207054795,1163,0.4867643916920916,0.33168392674315816,1174,1,0.4801497878681653,1175,0.49119900744357425,0.3337515401216834,1174,0.4906228253008374,0.33347326207054795,1163,0.4867643916920916,0.33168392674315816
0.5,5000,3,2,1134,1153,0,0.48389778699835534,1153,0.4954470157993262,0.33237422041543935,1149,0.4973074631627801,0.33329923473727796,1138,0.4949523127213034,0.33238649217402083,1153,0,0.48389778699835534,1153,0.4954470157993262,0.33237422041543935,1149,0.4973074631627801,0.33329923473727796,1138,0.4949523127213034,0.33238649217402083
0.5,5000,3,3,1134,1137,0,0.48388265500211425,1137,0.49898881581000754,0.3373844712325179,1136,0.49872340151386824,0.33737116009739987,1125,0.49627779781638515,0.3360595046924152,1137,0,0.48388265500211425,1137,0.49898881581000754,0.3373844712325179,1136,0.49872340151386824,0.33737116009739987,1125,0.49627779781638515,0.3360595046924152
0.5,5000,3,4,1134,1081,0,0.4824609708655965,1081,0.49874191411158286,0.3429826165733086,1081,0.49766174804845775,0.3424452612464259,1066,0.4981564292963353,0.3426110054793679,1081,0,0.4824609708655965,1081,0.49874191411158286,0.3429826165733086,1081,0.49766174804845775,0.3424452612464259,1066,0.4981564292963353,0.3426110054793679
0.5,5000,10,0,1134,1148,0,0.5223365995137838,1148,0.496086536752547,0.10026851929289578,1147,0.49644964946894554,0.10030727390605361,1136,0.4988390202390169,0.10063861493548475,1148,1,0.5223365995137838,1148,0.496086536752547,0.10026851929289578,1147,0.49644964946894554,0.10030727390605361,1136,0.4988390202390169,0.10063861493548475
0.5,5000,10,1,1134,1174,0,0.5165324760023824,1174,0.4934098822426045,0.10036685957254855,1174,0.4927298416267614,0.10026199499051737,1170,0.489382782289657,0.09978218348612183,1174,5,0.5165324760023824,1174,0.4934098822426045,0.10036685957254855,1174,0.4927386750417252,0.10026396623069178,1170,0.4893906879288606,0.09978268794148935
0.5,5000,10,2,1134,1153,0,0.5179369650042442,1153,0.495121350796657,0.0994283485585551,1152,0.4954399362465544,0.09950149107533318,1142,0.4970387798531109,0.09979238483803732,1153,2,0.5179369650042442,1153,0.495121350796657,0.0994283485585551,1152,0.4954399362465544,0.09950149107533318,1142,0.4970387798531109,0.09979238483803732
0.5,5000,10,3,1134,1137,0,0.5174683332773318,1137,0.4950070284992209,0.10073843495912756,1136,0.4953055324004856,0.10080700275509584,1126,0.4970718589536363,0.10109440121500489,1137,0,0.5174683332773318,1137,0.4950070284992209,0.10073843495912756,1136,0.4953055324004856,0.10080700275509584,1126,0.4970718589536363,0.10109440121500489
0.5,5000,10,4,1134,1081,0,0.5108352834688891,1081,0.48792007709813,0.10075680370528166,1080,0.48811887376909,0.10080868762735114,1068,0.4907293137419815,0.10110591449333269,1081,2,0.5108352834688891,1081,0.48792007709813,0.10075680370528166,1080,0.48811887376909,0.10080868762735114,1068,0.4907293137419815,0.10110591449333269
0.7,500,1,0,1134,1034,38,0.24016827205362257,1035,0.7308431873234222,0.9999999999998144,927,0.7060870865084244,0.9774594612639836,645,0.6957078396109634,0.9713382976098643,1105,152,0.23467913571158427,1152,0.6981862733515937,0.9739193285489668,1007,0.6798527955353845,0.9568763648364709,678,0.6804958813551382,0.9588092492632831
0.7,500,1,1,1134,1058,41,0.2396418126182614,1064,0.7288079043767625,0.9999999999999956,942,0.7243188272703516,0.9999999999999867,642,0.7219601284326195,0.9999999999999678,1130,149,0.23508118911840298,1181,0.7176157169678817,0.9999999999999687,1029,0.7157968546520711,0.9999999999997957,698,0.7128044483441394,0.9999999999998292
0.7,500,1,2,1134,1045,42,0.23568939397571978,1059,0.7273969943367328,0.9999999999999956,944,0.7213623782453499,0.9999999999999867,645,0.7177172982565893,0.9999999999999836,1107,152,0.23074557788781858,1160,0.7185167463771582,0.9999999999999876,1020,0.7139704293117354,0.9999999999979352,684,0.7130237161405736,0.9999999999999509
0.7,500,1,3,1134,1040,33,0.24047114105676035,1042,0.7343815887490742,0.9999999999999876,928,0.7294349029574169,0.9999999999999873,642,0.7234116181576855,0.9999999999999993,1099,138,0.2351345143055691,1148,0.7215377303760652,0.9999999999999898,998,0.7210314942388663,0.9999999999999882,674,0.7190514417298303,0.9999999999999942
0.7,500,1,4,1134,976,29,0.2350611968602843,974,0.7265794550463328,0.999999999999988,850,0.721994607723336,0.9999999999999678,608,0.7088651415806024,0.9903290297498927,1041,129,0.22953976591895744,1083,0.7148376470818157,0.9999999999999942,933,0.7069843434295812,0.9944187195557922,641,0.6998061568227122,0.9857312403865952
0.7,500,3,0,1134,1124,9,0.4463622823908463,1130,0.7200687610998159,0.33128223886761055,1126,0.7225857399830253,0.33219461249534443,1111,0.7183882069840629,0.3304749820487321,1147,313,0.4365011529196814,1199,0.6749111905683836,0.3147036962363486,1182,0.7017220691336625,0.3248493502256761,1161,0.7020024445919156,0.32493970538123695
0.7,500,3,1,1134,1153,9,0.4373928643204476,1160,0.7222793625337794,0.3347030507603337,1154,0.7264753143345498,0.33629053000857795,1135,0.7264956625502644,0.3361069760057039,1174,297,0.4296918331228139,1218,0.6912353934525854,0.3237706132246197,1205,0.7042280344627454,0.3288469259054409,1174,0.714551360557357,0.3323818186451154
0.7,500,3,2,1134,1130,6,0.44371948944578704,1135,0.7494007601078452,0.341757399088,1129,0.7542173924415352,0.3438138758634497,1105,0.7630027115500599,0.3472315729318369,1152,274,0.43576260541018996,1198,0.7135072399330082,0.33007155263832555,1184,0.7314667738113578,0.3371620168295042,1152,0.7473937903540466,0.3431556986886361
0.7,500,3,3,1134,1110,4,0.4491745802025909,1114,0.7461023321627324,0.3417176515362963,1113,0.7447114381973472,0.34116228458610626,1094,0.7442966804585283,0.3409663025778967,1134,298,0.44003356645979186,1182,0.7046734234222382,0.3272799378705193,1168,0.723436413379992,0.33427174896142486,1143,0.732063430301749,0.3375163376115003
0.7,500,3,4,1134,1062,6,0.4352819195209313,1068,0.7161838383842304,0.3324296960715847,1065,0.7160024785255974,0.3324477310032641,1039,0.7217269515344403,0.33449260369455347,1077,256,0.4292296377976695,1107,0.6906711123943833,0.32359151448335516,1096,0.7040927443488175,0.3288116798438252,1064,0.714585599350647,0.33265603996200993
0.7,500,10,0,1134,1147,22,0.626451064744904,1164,0.6514238637469165,0.09099936713020526,1156,0.678345829035219,0.09446076668366649,1149,0.6984848962776004,0.09701413906102838,1148,2598,0.5159112588401086,1332,0.4169072191352788,0.06288246013636717,1200,0.6061525235914913,0.08563259306441846,1172,0.666229274574865,0.09321003738134524
0.7,500,10,1,1134,1173,17,0.617383143265682,1186,0.647989371765622,0.09032722886553882,1181,0.6641863155402467,0.09236330524977188,1174,0.6836605708933338,0.09476572729282096,1175,2695,0.4983366793757163,1350,0.4198121582136718,0.06286064415041238,1226,0.5877254429474656,0.08302032659725626,1191,0.6607543926549263,0.09203521331586541
0.7,500,10,2,1134,1152,20,0.6335046368479545,1167,0.6650715419149003,0.09180947497400149,1156,0.7099532223308772,0.09748351510563481,1153,0.7203035177025222,0.09879388890571465,1153,2631,0.5002374831035711,1350,0.4051624306240087,0.06076911498380615,1201,0.6131077216692681,0.0856126225500083,1166,0.7000200284238652,0.09631065628028516
0.7,500,10,3,1134,1136,16,0.630985462445462,1148,0.6838788841935975,0.09477588382969078,1142,0.7083665389713898,0.09794303153881394,1137,0.7247448201127664,0.10002312670764076,1137,2679,0.5153971092215901,1305,0.4279677386067341,0.06378076951366991,1183,0.622440146497999,0.08731331398402192,1153,0.6997910098392484,0.09705244934532892
0.7,500,10,4,1134,1079,16,0.6341938314973732,1093,0.6789162136202022,0.09601072487868124,1084,0.716446554156006,0.10088095901181057,1081,0.7260785109529383,0.10214319630567677,1081,2299,0.5016032301670091,1260,0.41755369371851236,0.06395327030931221,1132,0.6125733004338529,0.08785256034334547,1099,0.6961859981631695,0.09847514373566692
0.7,5000,1,0,1134,1147,0,0.6110511853409415,1147,0.6834356801952859,0.9877057076759448,1147,0.6834209428149599,0.9876913564476211,1146,0.6838043983399837,0.9880130482945315,1148,0,0.610673790239711,1148,0.6833217932906825,0.9876253524752359,1148,0.6833063362472513,0.9876100116863111,1147,0.6836892385827481,0.9879319517748184
0.7,5000,1,1,1134,1175,0,0.6111083406090962,1175,0.6853914027839049,0.9891884791592032,1175,0.68537833532863,0.9891757925054726,1175,0.6850184123624987,0.9888278306023655,1175,0,0.6111083406090962,1175,0.6853914027839049,0.9891884791592032,1175,0.68537833532863,0.9891757925054726,1175,0.6850184123624987,0.9888278306023655
0.7,5000,1,2,1134,1153,0,0.6110965748583991,1153,0.6902545508799082,0.9966058127584143,1153,0.6902428342146107,0.9965943860146794,1153,0.6899186017685577,0.9962811961678001,1153,0,0.6110965748583991,1153,0.6902545508799082,0.9966058127584143,1153,0.6902428342146107,0.9965943860146794,1153,0.6899186017685577,0.9962811961678001
0.7,5000,1,3,1134,1137,0,0.5969657146207973,1137,0.6823013090912341,0.9774588163694323,1137,0.6822852666740993,0.9774425391011525,1137,0.6818422151575168,0.9769883955547838,1137,0,0.5969657146207973,1137,0.6823013090912341,0.9774588163694323,1137,0.6822852666740993,0.9774425391011525,1137,0.6818422151575168,0.9769883955547838
0.7,5000,1,4,1134,1081,0,0.6129894260041953,1081,0.688291978180714,0.9941935961758203,1081,0.6882779866975941,0.9941795406017693,1080,0.6885096688756751,0.9943771092332017,1081,0,0.6129894260041953,1081,0.688291978180714,0.9941935961758203,1081,0.6882779866975941,0.9941795406017693,1080,0.6885096688756751,0.9943771092332017
0.7,5000,3,0,1134,1148,0,0.6706948181049759,1148,0.6992203210540141,0.3399417107650723,1148,0.6992125791931241,0.33994017554279443,1148,0.6990512145683595,0.3398674442448152,1148,0,0.6706948181049759,1148,0.6992203210540141,0.3399417107650723,1148,0.6992125791931241,0.33994017554279443,1148,0.6990512145683595,0.3398674442448152
0.7,5000,3,1,1134,1175,0,0.6696128668287262,1175,0.695556636801191,0.3413507764717178,1175,0.6955666666023209,0.3413559568587204,1175,0.6953832655159276,0.3412756351815777,1175,0,0.6696128668287262,1175,0.695556636801191,0.3413507764717178,1175,0.6955666666023209,0.3413559568587204,1175,0.6953832655159276,0.3412756351815777
0.7,5000,3,2,1134,1153,0,0.6781306512159458,1153,0.7101823867914233,0.34303100843644857,1153,0.7101895495358326,0.34303247925627545,1152,0.7123180230192339,0.3439423385670628,1153,0,0.6781306512159458,1153,0.7101823867914233,0.34303100843644857,1153,0.7101895495358326,0.34303247925627545,1152,0.7123180230192339,0.3439423385670628
0.7,5000,3,3,1134,1137,0,0.6661452643399767,1137,0.6976073283482495,0.3380726739341854,1137,0.6976030282370942,0.3380709202087792,1137,0.6974354881745993,0.3379971578311998,1137,0,0.6661452643399767,1137,0.6976073283482495,0.3380726739341854,1137,0.6976030282370942,0.3380709202087792,1137,0.6974354881745993,0.3379971578311998
0.7,5000,3,4,1134,1081,0,0.6680528301425773,1081,0.6918864852646496,0.3396755497874395,1081,0.6918789976099442,0.3396705887950107,1081,0.691697375364896,0.33959136839804643,1081,0,0.6680528301425773,1081,0.6918864852646496,0.3396755497874395,1081,0.6918789976099442,0.3396705887950107,1081,0.691697375364896,0.33959136839804643
0.7,5000,10,0,1134,1148,0,0.7145204561540194,1148,0.6982188873700104,0.10252468943887494,1148,0.6982067048155955,0.10252395585087289,1148,0.6981458262822164,0.10251504039110981,1148,7,0.7145204561540194,1148,0.6982188873700104,0.10252468943887494,1148,0.6982067048155955,0.10252395585087289,1148,0.6981458262822164,0.10251504039110981
0.7,5000,10,1,1134,1175,0,0.7001379582081176,1175,0.6899718400968926,0.10111958925208693,1175,0.6899718400968926,0.10111958925208693,1175,0.6898901580084054,0.10110846101724279,1175,10,0.7001379582081176,1175,0.6899786296311465,0.10112052934501874,1175,0.6899699766594455,0.10111962472928532,1175,0.6898930944480719,0.10110970726770246
0.7,5000,10,2,1134,1153,0,0.7286603260560817,1153,0.7255900017762326,0.10525232258733239,1153,0.7255900017762326,0.10525232258733239,1153,0.7255614438718998,0.10524813496783136,1153,9,0.7286603260560817,1154,0.7204112226664406,0.10454069155674645,1153,0.7255900017762326,0.10525232258733239,1153,0.7255614438718998,0.10524813496783136
0.7,5000,10,3,1134,1137,0,0.6937606633216682,1137,0.6925816722110052,0.10123460630569359,1137,0.6925816722110052,0.10123460630569359,1137,0.6925027036160512,0.10122492070379079,1137,16,0.690071709915471,1138,0.6884986579020066,0.10069286580891515,1137,0.6925816722110052,0.10123460630569359,1137,0.6924959533539421,0.10122398655415202
0.7,5000,10,4,1134,1081,0,0.7044321497818452,1081,0.6928158801526942,0.10301320790091374,1081,0.6928158801526942,0.10301320790091374,1081,0.692740626248651,0.10300329220002749,1081,8,0.7044321497818452,1081,0.6928158801526942,0.10301320790091374,1081,0.6928158801526942,0.10301320790091374,1081,0.692740626248651,0.10300329220002749
