efficiency,photons,blinks,replicate,pores_total,adaptive found,adaptive junk,adaptive counting,adaptive fitted,adaptive le,adaptive p,adaptive k>=5 fitted,adaptive k>=5 le,adaptive k>=5 p,adaptive k>=6 fitted,adaptive k>=6 le,adaptive k>=6 p,none found,none junk,none counting,none fitted,none le,none p,none k>=5 fitted,none k>=5 le,none k>=5 p,none k>=6 fitted,none k>=6 le,none k>=6 p
0.35,500,1,0,1134,705,207,0.126,664,0.358,0.968,338,0.373,1.0,117,0.368,1.0,846,657,0.122,762,0.373,1.0,373,0.375,1.0,125,0.374,1.0
0.5,500,1,0,1134,911,205,0.173,955,0.477,0.898,647,0.472,0.899,318,0.475,0.904,1012,701,0.166,1106,0.46,0.881,711,0.473,0.904,343,0.481,0.912
0.35,5000,3,0,1134,1084,84,0.345,1112,0.351,0.328,1058,0.357,0.332,922,0.362,0.333,1125,768,0.324,1289,0.325,0.301,1162,0.345,0.316,983,0.358,0.325
0.35,500,1,1,1134,700,225,0.127,653,0.381,1.0,314,0.386,1.0,110,0.391,1.0,870,675,0.122,775,0.379,1.0,360,0.386,1.0,117,0.384,1.0
0.5,500,1,1,1134,889,215,0.174,932,0.493,0.918,667,0.462,0.885,328,0.415,0.858,1006,756,0.167,1086,0.456,0.868,732,0.431,0.845,345,0.388,0.822
0.35,500,1,2,1134,684,200,0.123,615,0.377,1.0,310,0.369,1.0,96,0.37,1.0,836,650,0.119,684,0.331,0.916,328,0.367,1.0,97,0.37,1.0
0.5,500,1,2,1134,881,218,0.176,922,0.504,0.944,651,0.482,0.928,337,0.441,0.903,986,738,0.169,1072,0.468,0.899,715,0.456,0.897,351,0.419,0.87
0.35,5000,3,1,1134,1108,62,0.343,1124,0.348,0.328,1083,0.348,0.328,928,0.354,0.329,1157,769,0.321,1333,0.322,0.301,1214,0.337,0.313,1009,0.349,0.32
0.35,500,1,3,1134,670,216,0.125,618,0.377,1.0,313,0.371,1.0,104,0.349,1.0,826,657,0.122,702,0.377,1.0,339,0.303,0.875,114,0.363,1.0
0.35,500,10,0,1134,1049,193,0.355,1178,0.33,0.087,1109,0.348,0.091,1008,0.351,0.092,1098,2444,0.314,1565,0.257,0.074,1314,0.309,0.083,1117,0.334,0.087
0.5,500,1,3,1134,857,216,0.168,890,0.474,0.893,621,0.434,0.853,275,0.437,0.859,990,708,0.162,1030,0.441,0.854,675,0.422,0.842,294,0.418,0.842
0.35,500,1,4,1134,668,199,0.123,590,0.362,1.0,296,0.362,1.0,87,0.375,1.0,815,598,0.119,673,0.357,1.0,322,0.359,1.0,95,0.377,1.0
0.35,5000,3,2,1134,1088,76,0.34,1108,0.345,0.331,1052,0.35,0.335,927,0.344,0.331,1132,751,0.32,1290,0.321,0.304,1169,0.337,0.316,998,0.336,0.319
0.5,500,1,4,1134,838,212,0.174,900,0.473,0.898,598,0.48,0.912,299,0.455,0.891,936,665,0.167,1049,0.44,0.858,668,0.452,0.875,318,0.442,0.868
0.35,5000,3,3,1134,1078,86,0.335,1110,0.34,0.328,1048,0.345,0.332,899,0.347,0.332,1111,761,0.317,1275,0.317,0.303,1147,0.335,0.317,956,0.344,0.324
0.35,500,3,0,1134,956,203,0.24,1057,0.363,0.315,900,0.36,0.315,628,0.343,0.309,1035,1049,0.228,1293,0.325,0.293,1021,0.345,0.305,695,0.334,0.303
0.5,500,3,0,1134,1054,196,0.319,1171,0.488,0.307,1104,0.506,0.315,950,0.523,0.325,1109,1163,0.299,1413,0.418,0.27,1242,0.469,0.294,1039,0.493,0.307
0.35,5000,3,4,1134,1020,64,0.339,1039,0.344,0.33,999,0.343,0.33,860,0.343,0.332,1059,729,0.315,1230,0.315,0.302,1111,0.33,0.314,921,0.337,0.323
0.35,500,10,1,1134,1084,190,0.356,1211,0.336,0.091,1159,0.344,0.092,1046,0.349,0.094,1137,2441,0.315,1618,0.259,0.076,1380,0.303,0.084,1163,0.328,0.09
0.35,500,3,1,1134,979,232,0.241,1088,0.367,0.32,915,0.373,0.324,635,0.379,0.33,1058,1072,0.232,1326,0.331,0.299,1045,0.353,0.314,701,0.37,0.326
0.5,500,3,1,1134,1062,203,0.32,1193,0.491,0.309,1117,0.516,0.32,972,0.525,0.325,1129,1229,0.299,1482,0.418,0.271,1299,0.471,0.295,1083,0.496,0.309
0.35,500,3,2,1134,972,204,0.235,1058,0.366,0.325,892,0.36,0.325,598,0.359,0.327,1060,984,0.224,1270,0.325,0.299,1008,0.336,0.31,653,0.338,0.315
0.5,500,3,2,1134,1057,176,0.322,1162,0.5,0.318,1098,0.513,0.324,955,0.515,0.324,1117,1154,0.299,1442,0.423,0.277,1258,0.473,0.302,1054,0.488,0.309
0.35,500,3,3,1134,954,190,0.243,1021,0.368,0.326,845,0.384,0.335,597,0.376,0.332,1054,985,0.229,1273,0.328,0.305,981,0.361,0.324,661,0.368,0.329
0.35,500,10,2,1134,1057,171,0.352,1171,0.329,0.089,1123,0.333,0.09,1012,0.329,0.09,1102,2372,0.313,1541,0.257,0.075,1310,0.299,0.083,1116,0.313,0.086
0.35,500,3,4,1134,899,206,0.237,986,0.367,0.329,814,0.375,0.334,563,0.375,0.333,986,916,0.224,1198,0.325,0.301,917,0.354,0.319,612,0.359,0.324
0.5,500,3,3,1134,1048,175,0.314,1173,0.479,0.306,1099,0.494,0.314,955,0.479,0.308,1096,1169,0.291,1439,0.408,0.272,1250,0.457,0.295,1040,0.461,0.299
0.35,5000,10,0,1134,1063,103,0.37,1099,0.344,0.098,1059,0.351,0.1,956,0.357,0.101,1122,1048,0.339,1351,0.307,0.087,1208,0.337,0.093,1057,0.351,0.096
0.5,500,3,4,1134,989,181,0.316,1114,0.48,0.308,1038,0.504,0.32,907,0.501,0.319,1044,1080,0.297,1359,0.418,0.274,1186,0.471,0.3,1005,0.475,0.304
0.35,500,10,3,1134,1038,172,0.349,1153,0.324,0.088,1084,0.34,0.091,977,0.341,0.091,1092,2409,0.308,1551,0.25,0.074,1293,0.3,0.082,1097,0.319,0.087
0.35,5000,10,1,1134,1099,88,0.371,1126,0.346,0.1,1093,0.349,0.101,985,0.354,0.102,1152,1022,0.342,1379,0.31,0.089,1258,0.331,0.094,1090,0.347,0.097
0.5,5000,3,0,1134,1082,64,0.481,1106,0.493,0.329,1096,0.5,0.333,1079,0.503,0.335,1133,868,0.416,1363,0.416,0.279,1256,0.464,0.304,1190,0.486,0.318
0.5,500,10,0,1134,1093,158,0.459,1202,0.439,0.085,1171,0.467,0.089,1137,0.484,0.092,1120,3456,0.368,1676,0.288,0.061,1425,0.375,0.073,1281,0.436,0.082
0.5,5000,3,1,1134,1098,63,0.476,1121,0.487,0.331,1107,0.497,0.336,1093,0.497,0.336,1160,871,0.414,1384,0.413,0.278,1280,0.457,0.301,1219,0.474,0.313
0.35,500,10,4,1134,995,169,0.349,1106,0.33,0.09,1043,0.345,0.093,941,0.351,0.095,1038,2247,0.311,1465,0.259,0.076,1236,0.308,0.085,1053,0.33,0.089
0.35,5000,1,0,1134,1096,73,0.311,1129,0.36,1.0,1047,0.361,1.0,839,0.364,1.0,1127,410,0.3,1251,0.367,1.0,1115,0.371,1.0,881,0.375,1.0
0.5,5000,3,2,1134,1087,59,0.471,1108,0.483,0.326,1098,0.489,0.328,1077,0.492,0.33,1141,864,0.405,1369,0.405,0.276,1256,0.452,0.299,1180,0.475,0.314
0.35,5000,1,1,1134,1131,65,0.309,1157,0.359,1.0,1072,0.36,1.0,871,0.36,1.0,1158,427,0.296,1287,0.366,1.0,1137,0.368,1.0,911,0.368,1.0
0.35,5000,1,2,1134,1109,73,0.303,1143,0.353,1.0,1056,0.354,1.0,842,0.354,1.0,1137,400,0.291,1254,0.357,1.0,1111,0.361,1.0,870,0.36,1.0
0.5,500,10,1,1134,1111,191,0.458,1235,0.431,0.084,1190,0.47,0.09,1156,0.487,0.093,1153,3519,0.371,1736,0.291,0.062,1479,0.378,0.074,1331,0.438,0.083
0.5,5000,3,3,1134,1075,59,0.47,1091,0.482,0.327,1080,0.489,0.33,1057,0.494,0.333,1119,844,0.409,1330,0.409,0.28,1218,0.459,0.305,1152,0.479,0.318
0.35,5000,10,2,1134,1079,68,0.366,1095,0.339,0.099,1055,0.344,0.1,953,0.345,0.1,1142,997,0.335,1349,0.303,0.089,1217,0.327,0.093,1056,0.337,0.097
0.35,5000,1,3,1134,1096,70,0.306,1116,0.356,1.0,1021,0.359,1.0,821,0.361,1.0,1111,419,0.294,1222,0.361,1.0,1076,0.366,1.0,851,0.366,1.0
0.35,5000,1,4,1134,1035,61,0.302,1051,0.355,1.0,976,0.356,1.0,782,0.358,1.0,1062,400,0.287,1172,0.36,1.0,1035,0.362,1.0,807,0.363,1.0
0.5,5000,3,4,1134,1023,80,0.472,1049,0.484,0.327,1037,0.493,0.331,1018,0.496,0.334,1062,823,0.404,1292,0.405,0.275,1177,0.456,0.301,1115,0.476,0.315
0.7,500,1,0,1134,1005,188,0.232,1100,0.66,0.902,943,0.665,0.918,646,0.646,0.903,1078,774,0.223,1294,0.589,0.818,1051,0.611,0.85,696,0.588,0.835
0.7,500,1,1,1134,1033,204,0.234,1147,0.67,0.908,980,0.668,0.912,663,0.654,0.908,1102,804,0.223,1343,0.603,0.832,1089,0.626,0.861,718,0.611,0.856
0.35,5000,10,3,1134,1067,84,0.357,1097,0.33,0.096,1043,0.339,0.097,937,0.339,0.097,1116,998,0.329,1338,0.295,0.085,1180,0.325,0.092,1029,0.333,0.094
0.7,500,1,2,1134,991,217,0.228,1099,0.657,0.896,919,0.669,0.912,617,0.656,0.909,1070,783,0.219,1302,0.596,0.831,1036,0.625,0.868,667,0.634,0.886
0.7,500,1,3,1134,1012,205,0.233,1127,0.676,0.932,964,0.673,0.931,668,0.637,0.899,1085,760,0.224,1333,0.622,0.873,1082,0.643,0.897,730,0.61,0.869
0.5,500,10,2,1134,1096,168,0.459,1197,0.44,0.086,1169,0.465,0.09,1135,0.48,0.092,1134,3449,0.366,1716,0.285,0.061,1448,0.376,0.074,1306,0.431,0.082
