efficiency,photons,blinks,seed,ele_labelled,ele_detected,ele_counted,le@8,p@8,ele@8,q@8,le@10,p@10,ele@10,q@10,le@12,p@12,ele@12,q@12,rows_per_pore,le_moments,b_moments,le_integrated<=10,le_integrated<=15
0.35,500,1,1,0.3795805851018938,0.3273435095005954,0.12425653159539113,0.24357035736845115,0.6355827351073746,0.03910014035465153,0.10836909871244635,0.23486719427795036,0.6128723352832353,0.06563886944798267,0.19206008583690987,0.27945432499911643,0.7292198695255914,0.08972881069592915,0.25643776824034337,12.263157894736842,0.3174017841945383,1.2073772212182816,0.23596761167110233,0.255969715412614
0.35,500,1,2,0.3648647450493978,0.3371276700744695,0.11239043660296522,0.2632730846564277,0.6510617240344425,0.0402336819506559,0.10510046367851623,0.272201135314737,0.6731403655387623,0.06510376861251693,0.17465224111282843,0.24516945946232796,0.6062923263365143,0.08053688995963636,0.2287480680061824,12.94,0.37725617591419697,1.0718843741128599,0.2667801086863369,0.28238944871332866
0.35,500,1,3,0.3545410811977679,0.3147899170238018,0.1432940286178211,0.3359368317600352,0.837088498811891,0.042946200708935026,0.1092896174863388,0.28330277874288834,0.7059347929330988,0.07390360406401246,0.1994535519125683,0.2549141768088858,0.6351959815565678,0.09023740229922084,0.2581967213114754,12.842105263157896,0.3318596473346245,1.209293726118575,0.2930096884147518,0.28124694356114865
0.35,500,3,1,0.36936745653514735,0.35085929046192404,0.23454886291428895,0.3162979160152559,0.2645400752127595,0.09313899725601808,0.09943181818181818,0.387258060724142,0.3238885598783733,0.14658982553680397,0.16477272727272727,0.36533439738677026,0.30555240508711695,0.18254799501678215,0.23380681818181817,38.26086956521739,0.3564103448013565,3.354706706337141,0.37312828431560985,0.3728209107392096
0.35,500,3,2,0.3867035765615513,0.37412899301958646,0.2397276582885267,0.35901712241081474,0.3026146205833396,0.09397158966198903,0.09689557855126998,0.3264481532805295,0.275162319227991,0.1367748586588481,0.16556914393226718,0.363328076028641,0.3062483124380643,0.180124605539939,0.23142050799623706,37.964285714285715,0.3470056489714688,3.418918199423821,0.3305072316523383,0.3791930391900943
0.35,500,3,3,0.3654241183652754,0.35316446817638436,0.23454886291421168,0.33399922855930153,0.29118942031671613,0.08617960326754061,0.09195046439628483,0.4186544968310304,0.36499413717528845,0.14619820508346507,0.16377708978328173,0.41391813963049473,0.360864854860518,0.18836592173806943,0.23157894736842105,36.70454545454545,0.359546124630036,3.190180527282271,0.40879375971068926,0.4067652492051308
0.35,500,10,1,0.37109741522346046,0.36785156656110785,0.39895753509812465,0.39468661962027174,0.09657087416982721,0.20734985817949617,0.09656581636016083,0.4325756101958805,0.1058414517861122,0.2831772565143345,0.16709511568123395,0.45148222131707283,0.11046747119695302,0.332704003774965,0.23630611034210006,130.7844827586207,0.3901550077410284,10.47536236910156,0.42257236891065225,0.46032795300906837
0.35,500,10,2,0.361518300886418,0.353105805045658,0.36914797628229296,0.3816014363767086,0.10009218003323506,0.1939925478570195,0.09379080226316552,0.4102526687447631,0.10760725737567557,0.26139587338986336,0.15892934861453648,0.41695670052306383,0.10936569194047575,0.3041027899348254,0.22762222544610475,122.0,0.4225185329375315,9.023272833723652,0.4001482564707793,0.4231176006679598
0.35,500,10,3,0.36433101136192547,0.3603683056105253,0.4069580338248849,0.37538072579084525,0.09361464267075378,0.20412477540742716,0.10038119440914867,0.4086823540336954,0.10191959765143577,0.2726257757940173,0.16958915713680645,0.4350959352176612,0.10850677113772085,0.3214789152968873,0.23490046590427785,128.31521739130434,0.4715982501327967,8.502683252851622,0.39730854261413906,0.45057395940384526
0.35,5000,1,1,0.3545280470788801,0.3457811659169206,0.31809079131384715,0.36394451300895886,1.0431425497581042,0.29010365572650026,0.8038548752834467,0.36125626419636686,1.0354374556557997,0.30494066875343484,0.8486394557823129,0.36021978213868416,1.0324666771503328,0.3115137758778599,0.8684807256235828,11.164556962025317,0.3360070548732003,1.0383484513292538,0.3572569550007965,0.35752061094152415
0.35,5000,1,2,0.3524367867264786,0.34189542056482114,0.31738856331228316,0.35959653027432853,1.0251153004634546,0.28710072163768324,0.8023598820058997,0.35602438564162225,1.0149320539352913,0.29881446556650093,0.8412979351032448,0.35579279248484297,1.0142718426470567,0.3092528504726999,0.8707964601769912,11.225165562913908,0.3504518589527618,1.0009546671811003,0.35711938287885187,0.3559287742808254
0.35,5000,1,3,0.3468540561371285,0.3387081283733327,0.30654739094186717,0.3347145020837739,0.9436581203442217,0.26895271157051387,0.7942122186495176,0.3395777391982452,0.9573690087749884,0.2858899956923647,0.8360128617363344,0.33736144532906137,0.9511206278601961,0.2935312741266946,0.8643086816720257,11.35036496350365,0.3438872035867534,1.0314396738522669,0.33747929250435243,0.33799865659144296
0.35,5000,3,1,0.3543609504513173,0.3500039911761955,0.34643484803652136,0.35990870147268644,0.33886218307101046,0.3299555498795594,0.7887090842221405,0.35480711858437325,0.33405892739095094,0.3325680386248397,0.8332107392423685,0.3563614887489914,0.3355224020586311,0.3378869578433961,0.8598749540272159,33.9875,0.3340926951378905,3.179085895791987,0.3587098859247073,0.3582883229994004
0.35,5000,3,2,0.3515323372218589,0.34629136064069876,0.3507763342605091,0.36121808987163717,0.3511762843549515,0.3318050357829832,0.7984511517077045,0.3623189588421248,0.3522465493429395,0.3394671351449013,0.8395552025416998,0.3620421857862543,0.35197747053405504,0.34376137930421546,0.8687450357426529,32.91503267973856,0.3483348457288742,2.952890828620789,0.3588444895219717,0.3608162881744508
0.35,5000,3,3,0.3463336703686259,0.3423218183703028,0.3399468843878762,0.3454911605475338,0.3348043260335175,0.3196222830916602,0.8053212199870214,0.3482617796919529,0.33748924356909993,0.32829208274221516,0.8472853125675968,0.3462008940924533,0.33549210589102113,0.3305127999174642,0.8760545100584036,33.02142857142857,0.3325088274151631,3.1034353309625407,0.34616510315946025,0.3472444111314173
0.35,5000,10,1,0.3517440865165557,0.3510249313464238,0.360805150194924,0.35115678018156615,0.10153364652023197,0.3426399626040054,0.8033353784371688,0.3547534320626143,0.10257358423852934,0.34814158160625813,0.8437726588209047,0.35992868664890704,0.10406995993016532,0.3545021313722814,0.8717719895141949,110.67283950617283,0.33095580287585136,10.450115104539409,0.35344575470673545,0.3567247507419032
0.35,5000,10,2,0.3515323372218589,0.35002279816266424,0.36802009988147305,0.36086681131907206,0.10734576269628633,0.35186038424389715,0.8074609636065374,0.3609779364177414,0.10737881868286421,0.3541227510010724,0.8472568199769124,0.3658720169575852,0.10883464335769714,0.3602748120230228,0.8750835409198615,107.57516339869281,0.41198131667726295,8.159893956653987,0.3595555289643486,0.36231463479157505
0.35,5000,10,3,0.3463336703686259,0.34391838657609025,0.3675142865464221,0.356595885079095,0.10442182921461178,0.34751567448651877,0.7998561997516177,0.36023683157324426,0.10548800610812042,0.35321495495883387,0.8414275442839402,0.3684228388695534,0.10788511132332827,0.3624874544871546,0.8682266814824499,109.27857142857142,0.3754149217247505,9.096482743556633,0.35410219341093885,0.3595947031700693
0.5,500,1,1,0.5083208939306225,0.4508860813286015,0.16092946002761654,0.31765095352442496,0.5845346896819889,0.049354014034889516,0.0970873786407767,0.4123488578345016,0.7587958070979924,0.0863188747035858,0.1672890216579537,0.4701671415892543,0.8651918124540124,0.11916128864710986,0.2270351008215086,17.38961038961039,0.4939252112488923,1.1002178311596427,0.3994445469454942,0.4181607838644025
0.5,500,1,2,0.5031529077950102,0.43984839582035756,0.17433358741372434,1.0989341200084788,2.02102826668226,0.0597869267704614,0.10416666666666667,0.4130011392810671,0.7595423251146062,0.09345097927612644,0.1817528735632184,0.47410422158905435,0.8719158098189506,0.12894007796309656,0.24568965517241378,17.4,0.44368405177579057,1.225534246326204,0.4409692528126488,0.4117808367807596
0.5,500,1,3,0.48741947448278167,0.4392186802420398,0.1870992165637938,0.17186161858772403,0.3168282977231989,0.04452779001221152,0.0997420464316423,0.35990659093828187,0.6634907403023872,0.08342693183663806,0.16680997420464316,0.3444497851157272,0.6349959925091309,0.11255569920553252,0.235597592433362,17.35820895522388,0.43941909539060453,1.2344571174554027,0.316355605673962,0.37966692588167217
0.5,500,3,1,0.4900911527963762,0.48072983153827864,0.31291903438359875,0.5413880814790746,0.32191752436829313,0.12978309704887736,0.09215017064846416,0.4874538526079897,0.28984741785715884,0.1866591472209833,0.15244596131968147,0.46779971789092684,0.2781607727163342,0.23458137130021395,0.2186196435343193,53.816326530612244,0.5201198967165391,3.233408709604081,0.4956976096686487,0.48498737887195204
0.5,500,3,2,0.5160627369633181,0.49999792915712704,0.3219437690649596,0.46034209818125643,0.28323186578309206,0.12172546715214039,0.0924072984108299,0.45142492016162916,0.2777454482297173,0.18936900998357295,0.16715715126545028,0.45059899974524253,0.27723728922917024,0.23601127569999192,0.23366686286050617,52.01020408163265,0.5216487212201667,3.1157344232519253,0.45193724154807274,0.4697427158695916
0.5,500,3,3,0.5137946576843139,0.4900062737821942,0.3269545983355453,0.6129440824238552,0.37032605601796675,0.12664670575808215,0.08796090626388271,0.5209058357093616,0.3147187634672287,0.20015186045987315,0.1641492669924478,0.5517827175935355,0.333373832042296,0.2617113271461216,0.2312305641936917,52.96470588235294,0.47496582285085265,3.4847708596988327,0.5328575122110842,0.5302772742216324
0.5,500,10,1,0.5140409113464731,0.5038895760215745,0.516149335816266,0.5521160769473685,0.10069280491455736,0.27709683527403695,0.09210872424375274,0.5588496774859663,0.101920853061886,0.36415072089823003,0.1601052170100833,0.5708861272664464,0.10411601444228044,0.422095367740909,0.22801402893467776,175.46153846153845,0.4893178323996471,11.205749543263593,0.5561474498357288,0.5917992382660241
0.5,500,10,2,0.4968228859785698,0.4906471774417342,0.4968228859785653,0.5119304130907092,0.09704154050992939,0.2657621779677423,0.09483064148650701,0.5523005904159493,0.10469411222304258,0.358006408390261,0.16171333097058377,0.5648143713596744,0.10706622481750902,0.414496852056902,0.22793782593286416,168.81196581196582,0.5637177306296802,9.358183440019296,0.5399482522309449,0.5745920799700672
0.5,500,10,3,0.5044431543443588,0.49566812964825385,0.48330653162010034,0.5468555557935183,0.10157479977264536,0.2771303469017864,0.0945010183299389,0.5538039718007438,0.10286542205341719,0.3610564122309989,0.1615580448065173,0.5619000851422615,0.10436922151725916,0.4147421336454642,0.22729124236252546,172.28070175438597,0.5671945904735831,9.491931023759136,0.5510120344810799,0.5650846300143773
0.5,5000,1,1,0.5031529077950122,0.48081527268565244,0.4322197305009025,0.4811240632406186,0.9759727431822375,0.3825868495934602,0.7912044374009509,0.4865946862661347,0.9870700450406537,0.40726315795293505,0.8351822503961965,0.4823824597113843,0.9785254333289571,0.4178607783662585,0.8637083993660856,15.775,0.4844556553770252,1.0175724950849208,0.48266583575209115,0.48245879185211243
0.5,5000,1,2,0.4975645553492649,0.4653604862175605,0.4369487468741957,0.49561814919386216,1.0047811422166248,0.3959099303020215,0.7995859213250518,0.4835493770198653,0.9803137680700871,0.4093215303649684,0.8438923395445135,0.485341706055578,0.9839474090468364,0.4205387051159267,0.8645962732919255,15.784313725490197,0.48219549488485003,1.0229456914344686,0.4911717861027492,0.4892905531957367
0.5,5000,1,3,0.49999792915718805,0.47982106932516755,0.44532984292843963,0.5050332743250919,1.0288990763876362,0.40539638722803356,0.8071850841291496,0.5057104107092272,1.0302785993530412,0.42787515040124846,0.849931787175989,0.4973853133636857,1.0133179644699009,0.4376586815169405,0.8813096862210096,15.707142857142857,0.4799270626663891,1.0227558570226258,0.4996143738265097,0.49649360996773034
0.5,5000,3,1,0.49846168124318113,0.49393564974725657,0.48952783179000053,0.49944244176850394,0.339956620027301,0.4614756381053634,0.8051470588235294,0.5028416373173676,0.34227035817400653,0.4729537474998853,0.8441439075630253,0.5054265424282222,0.34402983140072263,0.4810438117587871,0.8715861344537815,47.01234567901235,0.5039730178859494,2.915108052077514,0.5042396120993442,0.5055407813025455
0.5,5000,3,2,0.4975645553492649,0.48969854961289366,0.49124276970436753,0.5095442522920237,0.3484744600114189,0.46942405172703,0.8030451180332449,0.5098678903714474,0.34869579428112957,0.47926681585266123,0.8452297806956279,0.5132832532752682,0.35103154184044044,0.48817151502485057,0.8721888531917865,46.790849673202615,0.4998221731052242,2.9254685585542273,0.5096306694820233,0.5104482130879255
0.5,5000,3,3,0.49562266348573814,0.4807459873906836,0.4807459873908127,0.49571717463313525,0.34479357051714293,0.45708826870988295,0.8031447510405426,0.5023845618252212,0.34943103791512226,0.47150196969744995,0.842145830121782,0.5014057379554737,0.3487502219292581,0.4760649687901859,0.8675813164791121,46.00709219858156,0.468874682022369,3.0663238735869367,0.4966034020847025,0.49796002180786664
0.5,5000,10,1,0.49846168124318113,0.49543083057312365,0.5145070808203062,0.503599555111269,0.10364286369831349,0.49098738068908154,0.8013815554408671,0.5050448955014012,0.10394032070662844,0.49543330841990413,0.8427091190599071,0.5127640803460738,0.10552896075723715,0.5046953462460949,0.8684346341657072,155.48765432098764,0.48195477370881024,10.08183643485725,0.500443201095374,0.5059938028841728
0.5,5000,10,2,0.4975645553492649,0.4959617267000218,0.5199529410647986,0.5141058411476821,0.10774172580511306,0.5008189949577803,0.8024141768684188,0.5141487299336628,0.10775071405509858,0.5041359952199973,0.8443626401849157,0.5228590509950625,0.10957614560704673,0.5145082169343881,0.8709870730245698,152.69281045751634,0.5346303888555239,8.925138612139113,0.5132194072524556,0.5173346449604824
0.5,5000,10,3,0.49562266348573814,0.4888502820847541,0.5217703494978662,0.501479172097819,0.10486508896071554,0.48885349944832773,0.802382166195486,0.5088915124029385,0.10641509496046987,0.49911581497311797,0.8445567038976688,0.5182665574889135,0.10837552520693226,0.5100507767013837,0.8706029568522038,153.02836879432624,0.5442324270809584,8.786937872247217,0.5015376230082059,0.5085867460226029
0.7,500,1,1,0.7042267501723938,0.6280849178275829,0.21145744849183126,0.28933157938180426,0.39295965047264536,0.05822415787565499,0.09008228670420096,0.4329917694281027,0.5880737067676614,0.10685066959287522,0.16154179298397575,0.4297252302608136,0.5836372118223956,0.1426270265089978,0.22477262884365526,23.56122448979592,0.6054864837490319,1.2160275828903666,0.4081953211062637,0.4761479662452393
0.7,500,1,2,0.7254497526148909,0.6117272863916544,0.22096923393738593,0.3200517952872942,0.4351838993380108,0.06085897080751869,0.09270883631096088,0.5260477490931028,0.7152826950488543,0.12142955237064605,0.17672621921776918,0.5261024654060386,0.7153570944391137,0.161994717078093,0.24142926122646063,23.53409090909091,0.6327971103058768,1.1622055931222555,0.5005065242923294,0.502836875901125
0.7,500,1,3,0.6745544332433857,0.612977785720437,0.2122850466142375,0.46570144170530725,0.6508347136038336,0.07201184579872666,0.10638297872340426,0.4512312770116852,0.6306121318147627,0.1137260141909991,0.17525195968645016,0.48536978093971433,0.6783219334969356,0.15687704432729505,0.24468085106382978,22.897435897435898,0.5292012435350443,1.3521224308073412,0.4516691761009833,0.4872846092316934
0.7,500,3,1,0.7272904163807967,0.6841226266218412,0.42616289507465854,0.7496073246013824,0.33459820833953813,0.174372412318202,0.09208739661770152,0.6291232245224928,0.28081836561823653,0.25866256769743123,0.16393037896555981,0.6720651811311125,0.29998613689298886,0.3405107942025508,0.23552647821256634,71.69026548672566,0.7320665757645857,3.0602692031395353,0.6457057086733389,0.6643367454019108
0.7,500,3,2,0.7248222052207235,0.6812637167666744,0.4194900413596812,0.6528444527256455,0.3010870621588062,0.16480708076645675,0.09229141874917361,0.6731775934814516,0.3104645571946718,0.2547037582832807,0.15893164088324738,0.6677027330139552,0.30793959179593755,0.3259526757083955,0.22702631230992992,69.38532110091744,0.7455115811421189,2.9084609002074275,0.6730249008602923,0.6603387073106584
0.7,500,3,3,0.7360431012260904,0.6861004504737807,0.4299414970827215,0.773995887392289,0.3601200515026799,0.1889342232925998,0.10417843026538678,0.7199022197006363,0.3349516821193248,0.27312365916158515,0.16996047430830039,0.7036120700355495,0.32737230136041373,0.3468068700119986,0.2413890457368718,68.77669902912622,0.6826359318503987,3.148489179047804,0.7301040458065425,0.6917920015580038
0.7,500,10,1,0.7183249909006979,0.7087633192068731,0.671178929756154,0.7415729867666487,0.09990963638158575,0.37470311001701684,0.09259427532939572,0.7462753868555112,0.10054317494270222,0.48869835892830005,0.16019990913221263,0.8060162807622898,0.10859186481389263,0.5849482958105363,0.22320157504164773,237.5179856115108,0.7274284318633267,10.203666402407379,0.7457412292264174,0.7892584718084198
0.7,500,10,2,0.7077058652206827,0.7077058652206827,0.6470934365561888,0.642104245989133,0.0910291364123774,0.3464098978178479,0.09636528262837925,0.7033037458589843,0.09970520055121546,0.4676858517396772,0.16521148622429183,0.7309360839967082,0.10362255181223544,0.5425351971822493,0.22982149786573536,225.72262773722628,0.6902522528944005,10.219209118419878,0.6853621598917612,0.7302972411691315
0.7,500,10,3,0.6991083736069161,0.6991083736069161,0.6741740169815732,0.61042704338341,0.08393291224487842,0.34017121144286033,0.09555172049448808,0.7533868841999298,0.1035897015432158,0.48813406098519696,0.1601098862395661,0.8010898822538771,0.11014880077199085,0.5812856797970184,0.22558377064769486,232.7295081967213,0.7781921277957786,9.345760348087387,0.707372856525372,0.7865199894582279
0.7,5000,1,1,0.711324953479419,0.6475427904881653,0.6035975321103603,0.7118440217983232,1.039492791268312,0.5568086800848098,0.7887323943661971,0.6877162866151186,1.0042595013557114,0.5732084036297586,0.8340845070422536,0.679680358109747,0.9925247820960363,0.588945840070452,0.8656338028169014,21.91358024691358,0.6490426530620447,1.055091494349889,0.6946550473146343,0.6873596073276264
0.7,5000,1,2,0.7156670799575038,0.6789737976053676,0.621958358454888,0.6810089564548613,1.0125174159741879,0.5416965781464814,0.7974491345277862,0.6885989220534989,1.023802102148172,0.5802405217978926,0.8457333738232614,0.6860784731202267,1.0200547234730124,0.5978924055127472,0.873671424233222,21.522875816993466,0.6511865347505575,1.0328682080913836,0.6831882901527675,0.6853846141031179
0.7,5000,1,3,0.7011292726481007,0.6662242876403649,0.614159553183477,0.6925822264133674,1.033035043165988,0.5581347642785497,0.8109090909090909,0.6966651709197523,1.0391250417156768,0.58959742294962,0.8512396694214877,0.6898106569011956,1.0289010525415518,0.6030714631404936,0.8773553719008265,21.45390070921986,0.6689772058980903,1.0021782375425992,0.6829504742986178,0.682963033585044
0.7,5000,3,1,0.711324953479419,0.7036200503167335,0.6835285142689652,0.700829474759315,0.3425836866715973,0.6475427920126477,0.8063177746346063,0.7080259199629056,0.34610149637790694,0.6666666691221682,0.847996228194248,0.7057617237640579,0.34499469834916324,0.6720017238556875,0.8728901461574728,65.46296296296296,0.7447545447695932,2.7468346543967472,0.6972065036212396,0.7001143092544062
0.7,5000,3,2,0.7156670799575038,0.7071700499603241,0.6853339013864973,0.6933078806970748,0.35099114712986024,0.6380825616911803,0.8021921207734464,0.6998941240710598,0.3543254711458907,0.6567055866411681,0.8434494881604798,0.702678696887717,0.3557351773303963,0.6672811110644021,0.8702305862889049,63.209150326797385,0.6982231069223219,2.8290183010688743,0.7016932259842472,0.7043516500669763
0.7,5000,3,3,0.7011292726481007,0.6857531775521201,0.6662242876403653,0.6938603438662443,0.35339179044186636,0.6397440349569268,0.8068630770967378,0.7093860867016721,0.3612992463255384,0.6662242881387541,0.8479512360311547,0.69938006894527,0.35620305577165123,0.6662242881387541,0.8774128005418219,62.829787234042556,0.6804465699923524,2.8855033409690005,0.6922770891329589,0.6934905503464643
0.7,5000,10,1,0.711324953479419,0.7036200503167335,0.7036200503164506,0.7079959613883791,0.10597554539997565,0.6897982916639496,0.8006814310051107,0.7033277434236256,0.10527678866711157,0.6897982916639496,0.8429532526780816,0.7074421619695606,0.10589265058326457,0.6964732648930962,0.8705281090289608,213.78395061728395,0.6932281425055007,9.637157015357484,0.7062326269445612,0.7075558703303415
0.7,5000,10,2,0.7156670799575038,0.7156670799575038,0.7471884704261852,0.7272936519092489,0.11286306560214525,0.7071700498374323,0.7986370839936608,0.7408219188419162,0.114962412508717,0.7250022365570313,0.8404754358161648,0.7375742594977356,0.11445843342316683,0.7250022365570313,0.8684310618066561,206.20915032679738,0.7159261089951201,9.000979104892991,0.7373195320482698,0.7410284317358412
0.7,5000,10,3,0.7011292726481007,0.7011292726481007,0.7193291956253463,0.7296041998929759,0.1112378911237787,0.7098015862603577,0.7994863823748057,0.724442505451996,0.11045092196389152,0.7098015862603577,0.8426370210177738,0.7213859864929888,0.10998491488329949,0.7098015862603577,0.8707846185037508,209.88652482269504,0.7775920538485123,8.434954894725573,0.7237868877919076,0.7241986371036907
