efficiency,photons,blinks,replicate,pores,ele_labelled,20 no spill,p 20 no spill,eps 20 no spill,20 spill,p 20 spill,eps 20 spill,"20 spill, >=4","p 20 spill, >=4","eps 20 spill, >=4"
0.35,500,1,0,604,0.37274600691569626,0.3721219045999271,0.9398071656999822,0.06273406461372102,0.38426673168434,0.9690976961243725,0.06273406461372102,0.39494427187419795,0.9897945621488503,0.06273406461372102
0.35,500,1,1,603,0.36567694817590934,0.39086040693366636,0.9999999999988922,0.06338681375402386,0.39358810638731995,1.0,0.06338681375402386,0.39819523311892474,1.0,0.06338681375402386
0.35,500,1,2,589,0.37219293070499304,0.3968852887089077,0.9972288537390106,0.05963966945091142,0.40053334431054993,0.9999999999999896,0.05963966945091142,0.4022343560000024,1.0,0.05963966945091142
0.35,500,1,3,615,0.36262181093863716,0.3783989227614576,0.966736036807161,0.06059941408862454,0.39222579834856447,1.0,0.06059941408862454,0.39547783122722807,1.0,0.06059941408862454
0.35,500,1,4,567,0.3714500668238881,0.38240435567801434,0.9626850931669956,0.061422311699726895,0.39715437821545685,0.9980812212766207,0.061422311699726895,0.4003171549417282,0.9999999999999891,0.061422311699726895
0.35,500,3,0,801,0.36867066308526875,0.40739171905016625,0.3463754030268299,0.06365863235784697,0.3681068973955926,0.3174521501969411,0.06365863235784697,0.3680178040223079,0.31736665059256725,0.06365863235784697
0.35,500,3,1,822,0.3639926659745655,0.3997490104563512,0.3469659617533411,0.06366249049845916,0.3610212873789784,0.31793853101651487,0.06366249049845916,0.3578658161283409,0.31532600368061126,0.06366249049845916
0.35,500,3,2,808,0.36697100568823626,0.4152175983142679,0.3520531293964786,0.06450039603009074,0.3765986551519913,0.3239510760876256,0.06450039603009074,0.37396919646445614,0.3218314991595086,0.06450039603009074
0.35,500,3,3,787,0.3660374110363147,0.4040284097585809,0.35035326615334855,0.06413992503267227,0.3653654423136992,0.3213754931554568,0.06413992503267227,0.36602924293218697,0.3218538307027617,0.06413992503267227
0.35,500,3,4,739,0.3588537307338105,0.4009394545965782,0.35206365900877923,0.06375217145683922,0.3616166287925017,0.3216864666539304,0.06375217145683922,0.36489059077016195,0.32449211691465485,0.06375217145683922
0.35,500,10,0,999,0.35998122637003754,0.4725133376163876,0.12161579669636649,0.06501567890196562,0.35943793327426876,0.0940155939581719,0.06501567890196562,0.36090966893414145,0.09439166246057447,0.06501567890196562
0.35,500,10,1,1012,0.3551426912117177,0.4726049403503829,0.12664254865262908,0.06587242898319443,0.3626499780944455,0.0989936084672464,0.06587242898319443,0.36067018472605633,0.09846045941197154,0.06587242898319443
0.35,500,10,2,999,0.3609378667104937,0.4856708938815239,0.12467832551337116,0.06508859045164775,0.3748522263068202,0.09804131832650095,0.06508859045164775,0.3738500097819916,0.09778697162787538,0.06508859045164775
0.35,500,10,3,989,0.3605335033323419,0.4820198307886029,0.12667315040563834,0.06510819453021467,0.37184326810619145,0.09935554785811393,0.06510819453021467,0.3694721202123531,0.09873048338468526,0.06510819453021467
0.35,500,10,4,927,0.35519437116863023,0.46661822460917285,0.12448736379417946,0.06476871924438254,0.35707355215906494,0.09697947693563994,0.06476871924438254,0.35840502762253956,0.0973308875269358,0.06476871924438254
0.35,5000,1,0,1133,0.3544640547859267,0.34787857829777535,0.9773473768373081,0.009626147810985145,0.34924522179073136,0.9803024801904214,0.009626147810985145,0.34924768267210693,0.9803044508396754,0.009626147810985145
0.35,5000,1,1,1163,0.3486186349561558,0.3460234244685206,0.9935315264717974,0.009824452916536396,0.3476999621541943,0.9974857829506022,0.009824452916536396,0.345047504702205,0.9915107756616678,0.009824452916536396
0.35,5000,1,2,1138,0.35507187371477067,0.3491085146996083,0.9875645261662264,0.009839298820678615,0.35073500294859244,0.9912885012911598,0.009839298820678615,0.34935122978215294,0.9882774797865284,0.009839298820678615
0.35,5000,1,3,1128,0.35333974840412724,0.3437256944653739,0.9689855457092915,0.009664988903330916,0.34513521741783515,0.9722336838662362,0.009664988903330916,0.3440442842436524,0.9698132388923262,0.009664988903330916
0.35,5000,1,4,1071,0.3488824884291448,0.34295750090166616,0.9745697192747049,0.009891792979928263,0.34439066367979293,0.9778413130419081,0.009891792979928263,0.34377856973490345,0.9764661800554483,0.009891792979928263
0.35,5000,3,0,1143,0.3537429136355595,0.36182833599688624,0.3398218666846872,0.010090587423771585,0.3524302878667318,0.33161518260314043,0.010090587423771585,0.35181177412823145,0.33106473619713983,0.010090587423771585
0.35,5000,3,1,1171,0.34703342554605204,0.3548915101236072,0.34651350594533487,0.009779639575712786,0.34605996035323333,0.3384801072699404,0.009779639575712786,0.3460125344378109,0.338433080329698,0.009779639575712786
0.35,5000,3,2,1150,0.3533173007918949,0.36505697043715657,0.34415390561770753,0.00974202987168783,0.3561730769734611,0.336427065418917,0.00974202987168783,0.3554260518116465,0.3357577676848603,0.00974202987168783
0.35,5000,3,3,1134,0.353074314159436,0.3664288623004678,0.3500192851012078,0.01002790823754842,0.3575589235656209,0.3422443929380659,0.01002790823754842,0.35624622515301013,0.3410629048990246,0.01002790823754842
0.35,5000,3,4,1076,0.3481671718641766,0.35694922843562293,0.3461070658098423,0.009833029184975863,0.34803709602646343,0.33805514628882805,0.009833029184975863,0.34923038784633226,0.33914785337293457,0.009833029184975863
0.35,5000,10,0,1146,0.3529549851828665,0.3838114398883205,0.10892151868187994,0.00970631554878712,0.35037955198172127,0.09986135407438511,0.00970631554878712,0.3509608334934408,0.10002318308498412,0.00970631554878712
0.35,5000,10,1,1174,0.3465905431046212,0.3853197437164385,0.11257027927255121,0.00974888334718325,0.35312569348704964,0.10370563069497842,0.00974888334718325,0.3520946820037105,0.10340960712152543,0.00974888334718325
0.35,5000,10,2,1152,0.3528962771879583,0.39234390258603324,0.11047194645980683,0.009843298514228082,0.35904958123039665,0.10164351135468666,0.009843298514228082,0.3591895882532884,0.10168030258036222,0.009843298514228082
0.35,5000,10,3,1136,0.35295268144927394,0.3945058345425602,0.11270465383721195,0.009842818638273642,0.3616651603863621,0.10382322889173702,0.009842818638273642,0.36095811409353795,0.10362264564349448,0.009842818638273642
0.35,5000,10,4,1076,0.3480623378214192,0.3793063739149292,0.11085341452626347,0.009879293760183382,0.34607298811777376,0.10159170312455401,0.009879293760183382,0.3472909132748851,0.10194591727412479,0.009879293760183382
0.5,500,1,0,724,0.5085013497966017,0.484505244105168,0.9023593892336116,0.061407588507999246,0.5026626760436339,0.9346294812260173,0.061407588507999246,0.5150882559559458,0.9531640355545568,0.061407588507999246
0.5,500,1,1,751,0.5015043559184154,0.4725128832404741,0.8875911742087853,0.06149478597183475,0.4917593569164478,0.9231619922096362,0.06149478597183475,0.5032070977346935,0.9411304443179008,0.06149478597183475
0.5,500,1,2,701,0.5112511323430002,0.5075347988000657,0.9592921213004436,0.06212900155433499,0.5309027666457211,0.9999999999999596,0.06212900155433499,0.5314166411646335,0.9999999999999116,0.06212900155433499
0.5,500,1,3,702,0.5102841801686401,0.4989142328907917,0.9314871568989538,0.061542563032558714,0.521460552670889,0.9714517844291108,0.061542563032558714,0.5331450896819541,0.9893521544253168,0.061542563032558714
0.5,500,1,4,667,0.511845869105715,0.49689451546220287,0.9245732882209028,0.0636949378318951,0.5166102887285011,0.958705999073089,0.0636949378318951,0.5286544597324768,0.9764479181719684,0.0636949378318951
0.5,500,3,0,913,0.5153409584127971,0.5529460867959943,0.34201263018675293,0.06306950913583936,0.5095759208683622,0.31761737793939376,0.06306950913583936,0.5117047791837154,0.3188796690279065,0.06306950913583936
0.5,500,3,1,915,0.5082623438592064,0.5361554642324484,0.3338002028210212,0.06287607526071678,0.4925778124734865,0.30952446703276826,0.06287607526071678,0.49367062036972803,0.31017393216856776,0.06287607526071678
0.5,500,3,2,904,0.507929694703804,0.5263252127090561,0.3252939935856389,0.06299850996659408,0.47922883205910166,0.2987676347187247,0.06299850996659408,0.4791761745299296,0.29874172980777935,0.06299850996659408
0.5,500,3,3,890,0.503979462026279,0.5288665644006942,0.3349022460981944,0.06243089574113648,0.4867097407189536,0.3113412131940873,0.06243089574113648,0.48427874039466856,0.3098580830313462,0.06243089574113648
0.5,500,3,4,844,0.5005930314531939,0.5330207339030163,0.34208399361425196,0.06339169619242936,0.4916935393093887,0.31872527125579414,0.06339169619242936,0.4891898806691417,0.31717250532895774,0.06339169619242936
0.5,500,10,0,1074,0.5054416533732791,0.6166047534515319,0.11647516518722931,0.06384567038499835,0.49959898985028867,0.09525803265462432,0.06384567038499835,0.4994994919113891,0.09523989509471555,0.06384567038499835
0.5,500,10,1,1100,0.4975180371273329,0.6218803360846333,0.11821058127027444,0.06392990030209114,0.5064227935773938,0.09716296130555015,0.06392990030209114,0.508702834835512,0.09759999727644886,0.06392990030209114
0.5,500,10,2,1085,0.5079040254404371,0.6151784334802671,0.11557917520018658,0.06375199886156012,0.4981474508942107,0.09455832351886585,0.06375199886156012,0.4980511021159234,0.09454044020257558,0.06375199886156012
0.5,500,10,3,1063,0.5041671406199132,0.6236549751774094,0.11851731260011598,0.06440358922704152,0.5080711963510915,0.09748048044653665,0.06440358922704152,0.5079738260297779,0.09746252985169475,0.06440358922704152
0.5,500,10,4,1000,0.49999954838637023,0.6055938607073715,0.11594309054468553,0.0633498543802744,0.4884674421483438,0.09444117619007195,0.0633498543802744,0.488326273422308,0.09441438965471308,0.0633498543802744
0.5,5000,1,0,1141,0.505456411515399,0.48861251466451583,0.9755579251460663,0.0097647771473331,0.4911820445859138,0.9796673586468116,0.0097647771473331,0.49104874261054093,0.9794564099807517,0.0097647771473331
0.5,5000,1,1,1174,0.49517203367636264,0.4867827117162942,0.9796592234378502,0.009806949513675027,0.4895754360450682,0.9842929596479009,0.009806949513675027,0.4894276008275617,0.98405398499325,0.009806949513675027
0.5,5000,1,2,1153,0.5020722794210404,0.4874961052059658,0.9838792237229271,0.009486008095484055,0.49002925554851784,0.9879359714364717,0.009486008095484055,0.49036596932780985,0.9884652850738105,0.009486008095484055
0.5,5000,1,3,1135,0.4990112751919829,0.48737185370429387,0.9795795523587132,0.00957521716573735,0.4902197778287563,0.9843914711031234,0.00957521716573735,0.49006870804472896,0.9841433194640175,0.00957521716573735
0.5,5000,1,4,1077,0.493511208294634,0.4818129919462814,0.9680959522863717,0.009787738662302543,0.4842880661416407,0.9721130259096521,0.009787738662302543,0.48412184768517574,0.971843678253734,0.009787738662302543
0.5,5000,3,0,1148,0.5035209509333344,0.5105779594199462,0.3423301349955679,0.009616117810402119,0.5017428514285023,0.33670145026989695,0.009616117810402119,0.5016824213346168,0.3366658598857537,0.009616117810402119
0.5,5000,3,1,1175,0.4950727505835294,0.5012900757288875,0.34091516685926443,0.009711257544293082,0.4922747546746601,0.3351218923400851,0.009711257544293082,0.4930328603522997,0.33561542881060413,0.009711257544293082
0.5,5000,3,2,1153,0.5020722794210404,0.5039846374699642,0.33798966860681556,0.009580843546198176,0.494907051840027,0.33218576017112666,0.009580843546198176,0.49482858938458996,0.332137635782391,0.009580843546198176
0.5,5000,3,3,1137,0.49923173610624166,0.5085375650965981,0.3444479725024972,0.009590235043103397,0.4998819895787162,0.33892446272343485,0.009590235043103397,0.49981685038855933,0.33888260285989763,0.009590235043103397
0.5,5000,3,4,1081,0.4933123788406632,0.5062240611481518,0.3487538891005495,0.00967818956689171,0.497635078671292,0.34317056062565254,0.00967818956689171,0.49755855124458276,0.343119012630739,0.00967818956689171
0.5,5000,10,0,1148,0.5035209509333344,0.5378563919180883,0.10857318980212777,0.009631473914643886,0.5032322652468314,0.10180586863127959,0.009631473914643886,0.5031962675758879,0.101798725436013,0.009631473914643886
0.5,5000,10,1,1174,0.49558634495492726,0.5356237302670709,0.108981774307153,0.009688381980159678,0.5010259453634403,0.10220264103387977,0.009688381980159678,0.5009837934144711,0.10219358520909391,0.009688381980159678
0.5,5000,10,2,1153,0.5020722794210404,0.5381931220832696,0.1081144124424036,0.009579750932985954,0.5037565820223406,0.10144450515406173,0.009579750932985954,0.503726084004276,0.10143790872939393,0.009579750932985954
0.5,5000,10,3,1137,0.49923173610624166,0.5371191202541058,0.10937501366591686,0.009599356239593904,0.5030393576231778,0.10270037474210887,0.009599356239593904,0.5030101928134788,0.10269378970719167,0.009599356239593904
0.5,5000,10,4,1081,0.4933123788406632,0.5295477836285948,0.1092122283988519,0.009542692565669772,0.4953190575827813,0.10239062615534177,0.009542692565669772,0.49527357603862115,0.10238231299486872,0.009542692565669772
0.7,500,1,0,827,0.6980441647552599,0.6098535744367274,0.8436535253654115,0.061223927351672494,0.6407315710612905,0.8854443349949774,0.061223927351672494,0.6511296226805579,0.8980208602162906,0.061223927351672494
0.7,500,1,1,820,0.6857179198423271,0.6307046576742259,0.8697425322429817,0.06189790455932376,0.6655279378420482,0.9160105208876417,0.06189790455932376,0.6692386557741152,0.9204919437085595,0.06189790455932376
0.7,500,1,2,797,0.718564730019513,0.6435069970802177,0.8921074718541006,0.061029096968553125,0.6807118996833201,0.9413224999513751,0.061029096968553125,0.6843981966446914,0.9457199441943315,0.061029096968553125
0.7,500,1,3,835,0.6934366556988635,0.6457010747365105,0.8856514322980455,0.062031858481785704,0.6875815054337423,0.9411124744194275,0.062031858481785704,0.690709618439124,0.9448241171440569,0.062031858481785704
0.7,500,1,4,752,0.7026981898124122,0.6202640081686634,0.8623192333278165,0.06219596065708917,0.6568537458648124,0.9119087215866619,0.06219596065708917,0.66801579783081,0.9253283769546196,0.06219596065708917
0.7,500,3,0,997,0.6995431532636374,0.6989437693930217,0.3212593630352338,0.06190845953859991,0.6613986117367107,0.3055186608644647,0.06190845953859991,0.6612860492173135,0.3054682755342885,0.06190845953859991
0.7,500,3,1,993,0.6936161436094705,0.7108567927500443,0.3302484516872223,0.06140094556762877,0.6753287241059979,0.3150654654383445,0.06140094556762877,0.6752458079561324,0.31502919204949464,0.06140094556762877
0.7,500,3,2,1002,0.714845617813553,0.7262488269796048,0.333345968027069,0.06283475304283637,0.6943605662318426,0.3202119051600556,0.06283475304283637,0.6942853885829798,0.3201790218132647,0.06283475304283637
0.7,500,3,3,961,0.6910986680343416,0.7103515766261684,0.3260280545644401,0.062111262288938034,0.6748519500379734,0.3112171448573733,0.062111262288938034,0.6747488310334855,0.31117156633787824,0.062111262288938034
0.7,500,3,4,934,0.7111701942768569,0.7240795892549456,0.3359413748567502,0.06269319429929736,0.690080088788931,0.32142003719419426,0.06269319429929736,0.6900161801483885,0.3213913256077263,0.06269319429929736
0.7,500,10,0,1113,0.7001273351910299,0.7748692139857603,0.10771398793605758,0.06263932291065025,0.6839241316750282,0.09543429017730987,0.06263932291065025,0.6839241316750282,0.09543429017730987,0.06263932291065025
0.7,500,10,1,1131,0.6943184965367465,0.7902201526955357,0.10969275635708624,0.0628121880972273,0.7054939590412729,0.09828464845766531,0.0628121880972273,0.7054939590412729,0.09828464845766531,0.0628121880972273
0.7,500,10,2,1118,0.7150093775298081,0.7942296292336679,0.10924931705308262,0.06255108280862036,0.7108861750888952,0.09812612902608865,0.06255108280862036,0.710895322685069,0.09812737863443302,0.06255108280862036
0.7,500,10,3,1101,0.6893768807547932,0.8054345323001434,0.11161024117403355,0.06240706659780376,0.7268761697164046,0.10104893848271157,0.06240706659780376,0.7268761697164046,0.10104893848271157,0.06240706659780376
0.7,500,10,4,1042,0.7005810336727807,0.8088852273383565,0.11397406677494659,0.06269134136048504,0.7310172734055292,0.10325474632970333,0.06269134136048504,0.7310172734055292,0.10325474632970333,0.06269134136048504
0.7,5000,1,0,1148,0.7003943506008765,0.6723365111904599,0.9742823070481472,0.009463725357563322,0.6753444941003438,0.9777345957109749,0.009463725357563322,0.6753450837709982,0.9777348812843978,0.009463725357563322
0.7,5000,1,1,1175,0.6916308350538237,0.6785971190105138,0.9820997382123251,0.009321507906077168,0.6814516525916846,0.9853020678210654,0.009321507906077168,0.6814515071400561,0.9853018753877122,0.009321507906077168
0.7,5000,1,2,1152,0.7124588837380087,0.6835861812148529,0.9902547278816469,0.009469883646109433,0.686471956753812,0.9934395892258867,0.009469883646109433,0.6864718403129999,0.993439277501997,0.009469883646109433
0.7,5000,1,3,1137,0.6890849585898886,0.6735280745270033,0.9698038864620313,0.009829546638787582,0.6771522261099243,0.974079806135478,0.009829546638787582,0.6771522261099243,0.974079806135478,0.009829546638787582
0.7,5000,1,4,1081,0.6989862780583962,0.6818723787656714,0.987213334605721,0.009483831655659466,0.6848142335017737,0.9905230089575874,0.009483831655659466,0.6848144257373967,0.9905230595592537,0.009483831655659466
0.7,5000,3,0,1148,0.7003943506008765,0.7004928336783567,0.3410798209743015,0.009319930196617468,0.6955068036756176,0.3387555213077711,0.009319930196617468,0.6955068036756176,0.3387555213077711,0.009319930196617468
0.7,5000,3,1,1175,0.6916308350538237,0.702430459899155,0.3451680022052656,0.00939460926727685,0.697538659044525,0.34285466152468436,0.00939460926727685,0.697538659044525,0.34285466152468436,0.00939460926727685
0.7,5000,3,2,1153,0.7125212489100003,0.7145529552576823,0.3457245161512263,0.009482148116331187,0.710082643907322,0.3436559551480339,0.009482148116331187,0.710082643907322,0.3436559551480339,0.009482148116331187
0.7,5000,3,3,1137,0.6890849585898886,0.6992085048571643,0.3395323786398408,0.009420190531763982,0.6941768845979733,0.33720432400683475,0.009420190531763982,0.6941768845979733,0.33720432400683475,0.009420190531763982
0.7,5000,3,4,1081,0.6989862780583962,0.6939247998590694,0.3410356989568669,0.009429311981477007,0.6886124143960359,0.33852369313202024,0.009429311981477007,0.6886124143960359,0.33852369313202024,0.009429311981477007
0.7,5000,10,0,1148,0.7003943506008765,0.7302982116706055,0.10725263325178187,0.009475201208015802,0.706625015041706,0.10384215726070743,0.009475201208015802,0.706625015041706,0.10384215726070743,0.009475201208015802
0.7,5000,10,1,1175,0.6916308350538237,0.7192269790311671,0.1054969176378063,0.009498014655655073,0.6943221276831252,0.1019317480873046,0.009498014655655073,0.6943221276831252,0.1019317480873046,0.009498014655655073
0.7,5000,10,2,1153,0.7125212489100003,0.7504206345670144,0.10892666150182877,0.00939169382343684,0.7294186270418543,0.1059386195650545,0.00939169382343684,0.7294186270418543,0.1059386195650545,0.00939169382343684
0.7,5000,10,3,1137,0.6890849585898886,0.7309471942613596,0.10699489135961303,0.009499993016042806,0.7076967122332481,0.10368243552804077,0.009499993016042806,0.7076967122332481,0.10368243552804077,0.009499993016042806
0.7,5000,10,4,1081,0.6989862780583962,0.7282892648935148,0.10837759392972773,0.00952868435066562,0.7048109793401993,0.10496662288924828,0.00952868435066562,0.7048109793401993,0.10496662288924828,0.00952868435066562
